"A1-T0-C_S3_L001"	"A1-T0-J_S1_L001"	"A1-T17-C_S87_L001"	"A1-T17-I_S86_L001"	"A1-T17-J_S85_L001"	"A1-T9-C_S24_L001"	"A1-T9-I_S23_L001"	"A1-T9-J_S22_L001"	"A2-T0-C_S6_L001"	"A2-T0-I_S5_L001"	"A2-T0-J_S4_L001"	"A2-T17-C_S90_L001"	"A2-T17-I_S89_L001"	"A2-T17-J_S88_L001"	"A2-T9-C_S27_L001"	"A2-T9-I_S26_L001"	"A2-T9-J_S25_L001"	"A3-T17-C_S93_L001"	"A3-T17-I_S92_L001"	"A3-T17-J_S91_L001"	"A3-T9-C_S30_L001"	"A3-T9-I_S29_L001"	"A3-T9-J_S28_L001"	"A4-T17-C_S96_L001"	"A4-T17-I_S95_L001"	"A4-T17-J_S94_L001"	"A4-T9-C_S33_L001"	"A4-T9-I_S32_L001"	"A4-T9-J_S31_L001"	"A5-T17-C_S99_L001"	"A5-T17-I_S98_L001"	"A5-T17-J_S97_L001"	"A5-T9-C_S36_L001"	"A5-T9-I_S35_L001"	"A5-T9-J_S34_L001"	"A6-T17-C_S102_L001"	"A6-T17-I_S101_L001"	"A6-T17-J_S100_L001"	"A6-T9-C_S39_L001"	"A6-T9-I_S38_L001"	"A6-T9-J_S37_L001"	"A7-T17-C_S105_L001"	"A7-T17-I_S104_L001"	"A7-T17-J_S103_L001"	"A7-T9-C_S42_L001"	"A7-T9-I_S41_L001"	"A7-T9-J_S40_L001"	"B1-T0-C_S9_L001"	"B1-T0-I_S8_L001"	"B1-T0-J_S7_L001"	"B1-T17-C_S108_L001"	"B1-T17-I_S107_L001"	"B1-T17-J_S106_L001"	"B1-T9-C_S45_L001"	"B1-T9-I_S44_L001"	"B1-T9-J_S43_L001"	"B2-T0-C_S12_L001"	"B2-T0-I_S11_L001"	"B2-T0-J_S10_L001"	"B2-T17-C_S111_L001"	"B2-T17-I_S110_L001"	"B2-T17-J_S109_L001"	"B2-T9-C_S48_L001"	"B2-T9-I_S47_L001"	"B2-T9-J_S46_L001"	"B3-T0-C_S15_L001"	"B3-T0-I_S14_L001"	"B3-T0-J_S13_L001"	"B3-T17-C_S114_L001"	"B3-T17-I_S113_L001"	"B3-T17-J_S112_L001"	"B3-T9-C_S51_L001"	"B3-T9-I_S50_L001"	"B3-T9-J_S49_L001"	"B4-T17-C_S117_L001"	"B4-T17-I_S116_L001"	"B4-T17-J_S115_L001"	"B4-T9-C_S54_L001"	"B4-T9-I_S53_L001"	"B4-T9-J_S52_L001"	"B5-T17-C_S120_L001"	"B5-T17-I_S119_L001"	"B5-T17-J_S118_L001"	"B5-T9-C_S57_L001"	"B5-T9-I_S56_L001"	"B5-T9-J_S55_L001"	"B6-T17-C_S123_L001"	"B6-T17-I_S122_L001"	"B6-T17-J_S121_L001"	"B6-T9-C_S60_L001"	"B6-T9-I_S59_L001"	"B6-T9-J_S58_L001"	"B7-T17-C_S126_L001"	"B7-T17-I_S125_L001"	"B7-T17-J_S124_L001"	"B7-T9-C_S63_L001"	"B7-T9-I_S62_L001"	"B7-T9-J_S61_L001"	"C1-T0-C_S18_L001"	"C1-T0-I_S17_L001"	"C1-T0-J_S16_L001"	"C1-T17-C_S129_L001"	"C1-T17-I_S128_L001"	"C1-T17-J_S127_L001"	"C1-T9-C_S66_L001"	"C1-T9-I_S65_L001"	"C1-T9-J_S64_L001"	"C2-T0-C_S21_L001"	"C2-T0-J_S19_L001"	"C2-T17-C_S132_L001"	"C2-T17-I_S131_L001"	"C2-T17-J_S130_L001"	"C2-T9-C_S69_L001"	"C2-T9-I_S68_L001"	"C2-T9-J_S67_L001"	"C3-T17-C_S135_L001"	"C3-T17-I_S134_L001"	"C3-T17-J_S133_L001"	"C3-T9-C_S72_L001"	"C3-T9-I_S71_L001"	"C3-T9-J_S70_L001"	"C4-T17-C_S138_L001"	"C4-T17-I_S137_L001"	"C4-T17-J_S136_L001"	"C4-T9-C_S75_L001"	"C4-T9-I_S74_L001"	"C4-T9-J_S73_L001"	"C5-T17-C_S141_L001"	"C5-T17-I_S140_L001"	"C5-T17-J_S139_L001"	"C5-T9-C_S78_L001"	"C5-T9-I_S77_L001"	"C5-T9-J_S76_L001"	"C6-T17-C_S144_L001"	"C6-T17-I_S143_L001"	"C6-T17-J_S142_L001"	"C6-T9-C_S81_L001"	"C6-T9-I_S80_L001"	"C6-T9-J_S79_L001"	"C7-T17-C_S147_L001"	"C7-T17-I_S146_L001"	"C7-T17-J_S145_L001"	"C7-T9-C_S84_L001"	"C7-T9-I_S83_L001"	"C7-T9-J_S82_L001"
"Cluster_125"	221	2	24	0	0	31	0	0	129	1	0	0	0	0	45	0	0	1	0	0	5	0	0	1	0	0	44	0	0	0	0	0	19	0	0	2	0	0	2	0	0	75	0	0	7	0	0	269	1	0	8	0	0	12	0	0	225	2	0	11	0	0	14	0	0	398	7	0	1	0	0	10	0	0	11	0	0	8	0	0	1	0	0	4	0	0	9	0	0	10	0	0	0	0	0	12	0	0	117	1	0	0	0	0	0	0	0	193	0	0	0	0	0	0	0	0	0	0	0	0	0	0	0	0	0	0	0	0	0	0	0	0	0	0	0	0	0	0	0	0	0	0	0	0	0
"Cluster_27"	233	2	211	0	0	71	0	0	157	0	0	596	0	0	190	0	0	60	0	0	243	0	0	369	0	0	166	0	0	216	0	1	290	0	0	63	0	2	614	0	0	171	0	0	594	0	0	85	2	1	195	0	0	478	0	0	90	0	5	361	1	0	457	0	0	251	17	0	327	0	1	396	0	1	122	0	0	404	0	0	229	0	0	101	0	0	565	0	0	280	2	0	144	0	0	310	0	0	195	0	5	0	0	0	24	0	0	139	1	5	0	0	110	0	0	94	0	0	198	1	0	0	0	0	8	0	0	48	0	0	70	0	0	229	0	0	117	0	0	49	0	0	55	0	0
"Cluster_54"	65	0	51	0	0	19	0	0	54	0	0	139	0	0	37	0	0	13	0	0	58	0	0	79	0	0	44	0	0	49	1	0	85	0	0	9	0	0	148	0	0	54	0	0	154	0	0	24	1	0	51	0	0	122	0	0	23	0	1	78	0	0	109	0	0	60	15	0	76	0	0	108	0	0	33	0	0	99	0	0	55	0	0	22	0	0	133	0	0	65	0	0	31	0	0	75	0	0	51	0	1	0	0	0	3	0	0	32	0	3	0	0	19	0	0	24	0	0	51	0	0	0	0	0	3	1	0	15	0	0	13	0	0	62	0	0	27	0	0	10	0	0	14	0	0
"Cluster_118"	0	2	0	0	0	0	0	0	0	0	0	0	0	0	0	0	0	0	0	0	0	0	0	0	0	0	0	0	0	0	0	0	0	0	0	0	0	0	0	0	0	0	0	0	0	0	0	0	0	0	0	0	0	0	0	0	0	0	0	0	0	0	0	0	0	0	0	0	0	0	0	0	0	0	0	0	0	0	0	0	0	0	0	0	0	0	0	0	0	0	0	0	0	0	0	0	0	0	0	0	0	1122	3	0	0	0	0	0	1	3	0	0	0	0	0	0	0	0	0	0	0	0	0	0	0	0	0	0	0	0	0	0	0	0	0	0	0	0	0	0	0	0	0	0	0
"Cluster_45"	9	0	45	0	0	64	0	0	89	0	0	124	0	0	113	0	0	47	0	0	102	1	0	2	0	0	89	1	0	25	0	0	10	0	0	15	0	0	2	0	1	18	0	0	0	0	0	105	3	0	18	0	0	58	0	1	84	0	3	22	0	0	5	0	0	47	8	0	27	0	0	105	0	0	32	0	0	6	0	0	86	0	0	68	0	0	31	0	0	30	0	0	25	1	0	101	0	0	138	1	0	14	0	0	65	0	0	150	3	80	0	0	361	0	0	75	0	1	1	0	0	36	0	0	21	0	0	23	0	0	30	0	0	108	0	0	90	0	0	18	0	0	138	0	0
"Cluster_41"	53	0	23	0	0	68	1	0	35	0	0	29	0	0	73	0	0	42	0	0	17	2	0	35	0	0	31	0	0	36	0	0	44	0	0	8	0	0	66	0	0	18	1	0	48	0	0	28	0	0	34	0	0	50	0	0	82	0	2	60	0	0	58	0	0	76	1	0	43	0	0	70	0	0	73	0	0	85	0	1	82	0	0	54	0	1	58	0	0	30	0	0	11	0	0	40	0	0	36	0	0	0	0	0	30	0	0	71	0	26	0	0	206	0	0	103	0	0	190	0	1	38	0	0	7	0	0	36	1	0	142	0	0	126	0	0	178	0	0	4	0	0	128	0	0
"Cluster_42"	138	0	201	0	0	253	0	0	63	0	1	59	0	0	48	1	0	5	0	0	30	0	0	129	0	0	34	0	0	104	0	0	102	0	0	80	0	0	159	0	0	282	0	0	79	0	0	31	0	0	54	0	0	82	0	0	59	0	1	44	0	0	87	0	0	89	2	0	163	0	0	91	0	0	304	0	0	101	0	0	63	0	0	93	0	0	485	0	0	35	0	0	34	0	0	29	0	0	61	0	1	0	0	0	68	0	0	35	0	229	0	0	19	0	0	14	0	2	220	0	0	0	0	0	92	0	0	37	0	0	54	0	0	46	0	0	110	0	0	2	0	0	83	0	0
"Cluster_47"	147	1	44	0	0	99	0	0	79	0	2	34	0	0	48	0	0	2	0	0	33	1	0	52	0	0	26	0	0	14	0	0	85	0	0	29	0	0	117	0	0	89	0	0	80	0	0	26	1	0	4	0	0	70	0	0	59	0	6	48	0	0	71	0	0	97	2	1	36	0	0	57	0	0	15	0	0	112	0	0	13	0	0	23	0	0	41	0	0	33	0	0	29	0	0	35	0	0	49	3	0	0	0	0	65	0	0	41	0	232	0	0	10	0	0	29	0	0	236	1	0	1	0	0	64	0	0	41	0	0	63	0	0	32	0	0	92	0	0	8	0	0	95	0	0
"Cluster_53"	79	1	71	1	0	103	0	0	176	0	0	15	0	0	389	0	0	2	0	0	121	0	0	40	0	0	116	0	0	9	1	0	35	0	1	19	0	0	53	0	0	41	0	0	30	0	0	85	0	0	50	0	0	63	0	0	145	0	2	118	0	0	77	0	0	41	0	0	25	0	0	47	0	0	70	0	1	139	0	0	13	0	0	51	0	0	10	0	0	75	0	0	20	0	0	88	0	0	165	4	0	0	0	0	205	0	1	160	0	0	0	0	125	0	0	99	0	0	202	0	0	4	0	0	8	0	1	31	0	0	165	0	0	138	0	0	47	0	0	9	0	0	80	0	0
"Cluster_30"	497	5	47	0	0	22	0	0	69	0	0	49	0	0	50	0	0	0	0	0	1	1	0	59	0	0	89	0	0	16	0	0	300	0	0	1	0	0	347	0	0	91	0	0	186	0	0	31	0	1	76	0	0	11	1	0	79	0	4	78	0	0	322	0	0	373	0	0	57	0	0	10	0	0	128	0	0	254	0	0	2	0	0	112	0	0	110	0	0	29	0	0	0	0	0	6	0	0	0	0	0	0	0	0	22	0	0	3	1	0	0	0	37	0	0	5	0	0	8	0	0	0	0	0	4	0	0	4	1	0	33	0	0	0	0	0	464	0	0	0	0	0	171	0	0
"Cluster_44"	56	1	47	0	0	705	0	0	135	2	0	3	0	0	25	0	0	0	0	1	21	1	0	28	0	0	51	0	0	0	0	0	121	0	0	0	0	0	175	0	0	104	0	0	217	0	0	80	0	0	14	0	0	81	0	0	75	1	6	21	0	0	90	0	0	621	17	0	0	0	0	31	0	0	0	0	0	172	0	0	1	0	0	411	0	0	0	0	0	18	0	0	3	0	1	6	0	0	78	4	0	0	0	0	0	0	0	148	0	1	0	0	29	0	0	5	0	0	0	0	0	0	0	0	119	0	0	0	0	0	0	0	0	35	1	0	202	0	0	2	0	0	3	0	0
"Cluster_102"	19	0	5	0	0	27	0	0	23	0	0	24	0	0	22	0	0	9	0	0	19	0	0	17	0	0	22	0	0	8	0	0	37	0	0	47	0	0	4	0	0	22	0	0	7	0	0	3	0	0	27	0	0	24	0	0	7	0	1	8	0	0	28	0	0	12	0	0	28	0	0	19	0	0	50	0	0	5	0	0	22	0	0	6	0	0	44	0	0	3	0	0	6	0	0	10	0	0	17	0	0	0	0	0	37	0	0	19	0	0	0	0	40	0	0	51	0	0	154	0	0	23	0	0	14	0	0	36	0	0	64	0	0	35	0	0	54	0	0	38	0	0	57	0	0
"Cluster_33"	87	0	191	0	0	32	0	0	302	1	1	46	0	0	10	1	0	15	0	0	94	0	0	72	0	0	127	0	0	27	0	2	90	0	0	79	0	0	27	0	0	145	0	0	102	0	0	394	3	0	244	1	0	384	0	0	170	1	2	219	0	0	24	0	0	179	25	2	80	1	0	118	0	0	137	0	1	29	0	0	86	0	0	160	0	1	53	0	0	23	0	0	39	0	0	42	0	0	355	2	2	0	0	0	2	0	0	370	0	0	1	0	18	0	0	4	0	0	14	0	0	0	0	0	44	0	2	8	0	0	15	0	0	133	0	0	33	0	0	20	0	0	58	0	0
"Cluster_14"	206	2	462	0	1	519	1	1	1554	5	1	418	0	0	1132	0	1	442	0	0	917	1	0	302	0	0	613	0	1	259	1	0	859	0	0	434	0	0	942	0	0	335	0	0	559	0	0	1421	21	0	1026	2	0	900	0	2	805	9	29	519	0	0	761	0	0	508	169	0	576	1	0	973	1	0	328	1	1	587	1	0	293	0	0	447	0	0	330	1	0	359	0	0	146	0	0	268	0	0	1425	36	9	1	0	0	3	0	0	1460	6	122	0	0	969	0	0	668	0	0	190	1	0	229	2	0	107	0	0	512	0	0	59	0	0	924	1	0	238	0	0	282	0	0	155	0	0
"Cluster_28"	48	1	105	0	0	98	1	1	342	1	0	81	0	0	215	0	1	103	0	1	199	0	0	59	0	0	135	0	0	57	0	0	184	0	1	100	0	0	212	0	0	64	0	0	117	0	0	281	4	0	234	0	0	187	0	0	187	0	1	124	0	0	171	0	0	93	18	0	110	0	0	183	0	0	51	0	0	121	0	0	49	0	0	97	0	0	60	0	0	65	0	0	33	0	0	43	0	0	304	8	1	0	0	0	0	0	0	305	1	28	0	0	192	0	0	145	0	0	31	0	0	40	0	0	18	0	0	81	0	0	7	1	0	185	0	0	55	0	0	46	0	1	30	0	0
"Cluster_11"	1321	8	53	0	0	575	1	0	318	0	1	2	0	0	280	1	0	103	0	0	14	0	0	87	0	0	264	0	0	63	0	1	127	0	0	44	0	0	58	0	0	300	0	0	17	1	0	206	5	0	212	0	0	17	0	0	389	3	7	138	0	0	40	0	0	87	3	1	65	0	0	18	0	0	131	0	0	30	0	0	124	0	0	239	0	0	6	0	0	13	0	0	19	0	0	58	0	0	87	5	3	9	0	0	227	0	0	567	1	405	1	0	48	0	0	299	0	2	940	0	1	81	0	0	1633	0	1	140	0	1	632	1	0	272	0	0	166	0	1	54	0	0	1636	0	0
"Cluster_21"	1	2	154	0	0	1	1	1	93	1	24	459	0	0	70	0	0	1738	0	0	526	2	4	180	0	0	3	0	1	590	0	1	0	1	1	634	0	0	3	0	0	2	0	0	31	0	0	75	0	35	30	0	0	97	0	0	53	0	3	108	0	0	9	0	0	0	14	2	287	2	0	257	0	0	70	1	1	1	0	0	700	0	0	0	0	0	249	0	0	125	0	0	305	1	0	270	1	1	336	2	53	784	1	0	219	0	0	168	76	0	0	0	1	0	0	1069	0	1	0	0	0	556	3	0	898	0	0	631	0	1	12	0	0	492	0	0	0	0	0	180	0	1	0	0	0
"Cluster_31"	49	0	103	0	0	11	0	1	81	0	1	3	0	0	35	0	0	200	1	0	59	1	0	51	0	0	22	0	0	26	0	0	18	0	0	834	0	0	12	0	0	30	0	0	13	0	0	32	1	0	26	0	0	27	0	0	47	0	2	37	0	0	4	0	0	16	0	0	357	0	0	74	0	0	250	0	0	3	0	0	238	0	0	32	0	0	26	0	0	13	0	0	22	0	0	62	0	0	209	0	1	0	0	0	27	0	0	35	0	72	0	0	42	0	0	84	0	2	5	0	0	65	0	0	26	0	0	215	0	0	174	0	0	4	0	0	49	0	0	67	0	0	32	0	0
"Cluster_22"	40	0	320	0	0	68	0	0	19	0	0	9	0	0	21	0	0	2	0	0	4	0	0	171	0	0	51	0	0	14	0	2	133	0	0	30	0	0	57	0	0	103	0	0	4	0	0	76	0	0	20	0	0	234	0	1	116	0	6	31	0	0	150	0	0	98	0	1	156	0	0	19	0	0	325	0	0	23	0	0	62	0	0	7	0	0	14	0	0	4	0	0	19	0	0	29	1	0	37	1	1	0	0	0	30	0	0	83	0	0	0	0	1122	0	0	37	0	0	312	1	0	6	0	0	73	1	2	11	0	0	251	0	0	267	0	0	1311	0	0	35	0	0	774	0	0
"Cluster_116"	5	0	56	0	0	13	0	0	4	0	0	4	0	0	3	0	0	2	0	0	0	0	0	33	0	0	16	0	0	4	0	0	41	0	0	10	0	0	11	0	0	31	0	0	1	0	0	17	0	0	2	0	0	82	0	0	31	0	1	7	0	0	61	0	0	32	0	0	42	0	0	3	0	0	83	0	0	8	0	0	10	0	0	4	0	0	5	0	0	0	0	0	4	0	0	7	0	0	17	0	0	0	0	0	14	0	0	23	1	0	0	0	376	0	0	15	0	0	117	0	0	0	0	0	58	0	1	2	0	0	94	0	0	73	0	0	494	0	0	18	0	0	296	0	0
"Cluster_99"	43	0	20	0	0	28	0	0	13	0	0	44	0	0	171	0	0	17	0	0	73	0	0	20	0	0	82	0	0	11	0	0	100	0	0	10	0	0	151	0	0	93	0	0	126	0	1	25	0	0	143	0	0	52	0	0	28	0	2	31	0	0	101	0	0	55	0	0	63	0	0	90	0	0	17	0	0	58	0	0	15	0	0	19	0	0	67	0	0	102	0	0	2	0	0	68	0	1	59	0	0	0	0	0	2	0	0	27	0	0	0	0	72	0	0	7	0	0	0	0	0	0	0	0	64	0	0	9	0	1	25	0	0	3	0	0	24	0	0	7	0	0	6	0	0
"Cluster_90"	34	0	58	0	0	50	0	0	16	0	0	15	1	0	50	0	0	6	0	0	20	0	0	34	0	0	52	0	0	4	0	0	24	0	0	16	0	0	24	0	0	99	0	0	28	0	0	9	0	0	32	0	0	20	0	0	8	3	2	37	0	0	34	0	0	18	0	1	16	0	0	63	0	0	39	0	0	30	0	0	26	0	0	35	0	0	50	0	0	10	0	0	5	0	0	7	1	0	21	0	0	1	0	0	5	0	0	16	0	14	0	0	5	0	0	14	0	0	147	0	0	3	0	0	24	0	0	20	0	0	28	0	0	17	1	0	39	0	0	5	0	0	40	0	0
"Cluster_71"	27	0	4	0	0	13	0	0	7	0	0	1	0	0	19	0	0	2	0	0	13	0	0	19	0	0	8	0	0	4	0	0	27	0	0	14	0	0	25	0	0	22	0	0	18	0	0	7	0	0	15	0	0	4	0	0	21	0	0	7	0	0	20	0	0	21	0	0	7	0	0	8	0	1	5	0	0	11	0	0	3	0	0	18	0	0	15	1	0	2	0	0	2	0	0	13	0	0	11	0	0	0	0	0	64	0	0	27	0	8	0	0	13	0	0	68	0	0	206	0	1	9	0	0	550	0	0	15	0	0	160	0	0	15	0	0	70	0	1	14	0	0	241	0	0
"Cluster_103"	19	0	3	0	0	3	0	0	18	0	0	7	0	0	17	0	0	3	0	0	6	0	0	12	0	0	7	0	0	3	0	0	20	0	1	14	0	0	24	0	0	17	0	0	20	0	0	13	0	0	40	0	0	24	0	0	26	0	0	11	0	0	7	0	0	32	0	0	18	0	0	12	0	0	6	0	0	9	0	0	2	0	0	17	0	0	17	0	0	0	0	0	6	0	0	24	0	0	18	0	0	0	0	0	17	0	0	20	1	4	0	0	8	0	0	24	0	0	57	0	0	4	0	0	232	0	0	7	0	0	59	0	0	7	0	0	18	0	0	6	0	0	103	0	0
"Cluster_83"	1	0	66	0	0	215	0	0	18	0	0	6	0	0	14	0	0	10	0	0	107	0	0	71	0	0	79	0	0	72	0	0	40	0	0	36	0	0	36	0	0	83	0	0	10	0	0	29	0	0	60	0	0	35	0	0	9	2	2	62	0	0	19	0	0	2	0	0	77	0	0	60	0	0	43	0	0	66	0	0	27	0	0	64	0	0	134	0	1	23	0	0	24	0	0	23	0	0	3	0	0	0	0	0	1	0	0	5	0	0	0	0	11	0	0	54	0	0	0	0	0	6	0	0	0	0	0	50	0	0	11	0	0	17	0	0	0	0	0	1	0	0	0	0	0
"Cluster_37"	15	0	92	0	0	0	0	0	29	0	0	14	0	0	327	0	0	10	0	0	35	2	0	47	0	0	28	0	0	11	0	0	114	0	0	18	0	1	357	0	0	41	0	0	5	0	0	106	0	0	206	0	0	65	0	0	10	0	1	125	0	0	39	0	0	260	51	0	36	0	0	84	0	0	10	0	0	208	0	0	3	0	0	0	0	0	34	0	0	66	0	0	16	0	0	91	0	0	180	3	0	0	0	0	458	0	0	59	0	0	0	0	145	1	0	17	0	0	0	0	0	10	0	0	1	0	1	70	0	0	150	0	0	70	0	0	460	0	0	74	0	1	728	0	0
"Cluster_76"	29	0	7	0	0	1	0	0	43	0	1	53	0	0	2	0	0	0	0	0	13	0	0	26	0	0	8	0	0	7	0	0	37	0	0	15	0	0	70	0	0	7	0	0	31	0	0	18	0	0	56	0	0	21	0	0	60	0	0	7	0	0	121	0	0	11	6	0	12	0	0	53	0	0	6	0	0	45	0	0	26	0	0	1	0	0	45	0	0	13	0	0	5	0	0	28	0	0	28	0	0	0	0	0	94	0	0	18	0	0	0	0	245	0	0	6	0	0	5	0	0	10	0	0	7	0	0	6	0	0	126	0	0	12	0	0	44	0	0	27	0	0	166	1	0
"Cluster_94"	15	0	19	0	0	83	0	0	7	0	0	31	0	0	56	0	0	4	0	0	10	0	0	77	0	0	63	0	0	13	0	0	47	0	0	18	0	0	65	0	0	12	0	0	77	0	0	0	0	0	30	0	0	21	0	0	25	1	2	17	0	0	77	0	0	27	0	0	23	0	0	58	0	0	65	0	0	38	0	0	23	0	0	159	0	0	19	0	0	52	0	0	5	0	0	11	0	0	1	0	0	0	0	0	9	0	0	10	0	1	0	0	10	0	0	35	0	0	61	0	0	1	0	0	0	0	0	82	0	0	14	0	0	40	0	0	17	0	0	37	0	0	47	0	0
"Cluster_23"	16	0	32	1	0	0	0	0	37	0	0	58	0	0	36	0	0	308	0	0	7	0	0	26	0	0	27	0	0	68	0	0	49	0	0	280	0	0	22	0	0	26	0	0	21	0	0	134	1	0	6	0	0	46	0	1	43	0	2	4	0	0	14	0	0	64	2	0	34	0	0	73	0	0	19	0	0	13	0	0	219	0	0	1	0	0	84	0	0	12	0	0	23	0	0	40	0	0	39	0	0	16	0	0	818	0	0	52	0	1148	0	0	89	0	1	224	0	2	414	0	0	262	0	0	216	0	1	270	0	0	373	0	1	154	0	0	402	0	0	37	0	0	333	0	0
"Cluster_135"	27	0	27	0	0	3	0	0	11	0	0	20	0	0	9	0	0	5	0	0	20	0	0	34	0	0	44	0	0	40	0	0	55	0	0	18	0	0	23	0	0	38	0	0	48	0	0	19	0	0	18	0	0	105	0	0	42	0	6	24	0	0	31	0	0	39	0	0	74	0	0	60	0	0	67	0	0	59	0	0	73	0	0	0	0	0	188	0	0	56	0	0	1	0	0	21	0	0	14	0	0	0	0	0	15	0	0	18	0	0	0	0	0	0	0	10	0	0	14	0	0	4	0	0	0	0	0	7	0	0	6	0	0	13	0	0	3	0	0	0	0	0	0	0	0
"Cluster_167"	4	0	0	0	0	1	0	0	79	0	0	13	0	0	16	0	0	1	0	0	5	0	0	31	0	0	36	0	0	32	1	0	58	0	0	63	0	0	35	0	0	29	0	0	110	0	0	10	3	0	30	0	0	38	0	0	19	0	5	12	0	0	23	0	0	3	11	0	37	0	0	50	0	0	10	0	0	41	0	0	0	0	0	0	0	0	63	0	0	14	0	0	7	0	0	21	0	0	39	0	0	0	0	0	36	0	0	3	0	54	0	0	85	0	0	19	0	1	20	0	0	0	1	0	1	0	0	48	0	0	17	0	0	8	0	0	14	0	0	0	0	0	76	0	0
"Cluster_104"	1	0	6	0	0	3	0	0	0	0	0	0	0	0	0	0	0	7	0	0	0	0	0	0	0	0	47	0	0	0	0	0	1	0	0	0	0	0	1	0	0	1	0	0	0	0	0	16	0	0	3	0	0	0	0	0	6	0	1	1	0	0	0	0	0	2	0	0	0	0	0	7	0	0	24	0	0	14	0	0	5	0	0	40	0	0	19	0	0	1	0	0	0	0	0	0	0	0	0	0	1	8	0	0	195	0	0	9	0	134	0	0	122	0	0	19	0	0	268	0	0	3	0	0	19	0	0	44	0	0	62	0	0	14	0	0	80	0	1	3	0	0	86	0	0
"Cluster_63"	20	0	5	1	0	128	0	0	14	0	0	160	0	0	181	0	0	82	0	0	34	0	0	106	0	0	65	0	0	106	0	0	51	0	0	54	0	0	189	0	0	36	0	0	132	0	0	8	0	0	48	0	0	104	0	0	13	0	4	21	0	0	52	0	0	26	0	0	63	0	0	127	0	0	98	0	0	76	0	0	87	0	0	294	0	0	155	0	0	26	0	0	35	0	0	29	0	0	12	0	0	1	0	0	65	0	0	6	0	0	0	0	4	0	0	11	0	0	7	0	0	0	0	0	0	0	0	27	0	0	12	0	0	13	0	0	19	0	0	0	0	0	8	0	0
"Cluster_98"	62	0	10	0	0	185	0	0	38	0	0	6	0	0	151	0	0	1	0	0	4	2	0	55	0	0	25	0	0	6	0	0	103	0	0	1	0	0	186	0	0	6	0	0	72	0	0	3	0	0	38	0	0	97	0	0	23	0	2	15	0	0	113	0	0	38	0	0	12	0	0	18	0	0	18	0	0	145	0	0	12	0	0	254	0	0	18	0	0	27	0	0	6	0	0	19	0	0	20	0	0	0	0	0	0	0	0	30	0	0	0	0	2	0	0	3	0	0	22	0	0	0	0	0	0	0	0	3	0	0	0	0	0	15	0	0	0	0	0	0	0	0	1	0	0
"Cluster_133"	68	0	28	0	0	10	0	0	99	0	0	26	0	0	23	0	0	23	0	0	85	0	0	21	0	0	30	0	0	13	0	0	102	0	0	31	0	0	93	0	0	83	0	0	16	0	0	124	0	0	42	0	0	144	0	0	130	0	2	38	0	0	144	0	0	179	7	0	75	0	0	67	0	0	37	0	0	33	0	0	31	0	0	40	0	0	101	0	1	94	0	0	22	0	0	67	0	0	96	0	0	0	0	0	2	0	0	90	0	0	0	0	0	0	0	2	0	0	0	0	0	1	1	0	1	0	0	1	0	0	27	0	0	9	0	0	0	0	0	26	0	0	1	0	0
"Cluster_20"	61	0	73	0	0	3	0	1	177	1	0	38	0	0	7	0	0	246	0	0	11	0	0	185	0	0	17	0	0	414	1	0	74	0	0	500	0	0	105	0	0	80	0	0	199	0	1	152	0	1	119	1	0	250	0	5	100	0	4	42	0	0	179	0	1	138	9	2	249	0	0	174	0	0	385	0	0	137	0	0	528	0	0	5	1	0	501	0	0	215	0	0	29	0	0	332	0	0	98	0	2	0	0	0	1028	0	0	139	1	0	0	0	111	0	0	327	0	0	5	0	0	224	0	0	14	0	0	751	0	0	684	0	0	174	0	1	168	0	0	44	0	0	588	0	0
"Cluster_26"	35	1	100	0	0	0	0	0	183	0	0	187	0	1	170	0	0	113	0	0	192	2	0	127	0	0	105	0	0	227	0	0	351	0	0	238	0	0	279	0	0	229	0	0	278	1	0	277	0	0	329	0	0	204	0	2	124	0	5	137	0	0	292	1	0	84	9	0	422	0	0	310	0	0	304	0	1	165	0	0	221	0	0	73	0	0	1124	0	1	170	0	0	250	0	0	372	0	0	96	1	4	0	0	0	515	0	0	126	0	0	0	0	12	0	0	279	0	0	14	0	0	30	1	0	176	0	0	246	1	0	175	0	0	423	1	0	136	0	0	0	0	0	1	0	1
"Cluster_17"	0	0	0	100	256	0	8	153	0	0	0	0	4	158	0	4	77	0	11	144	0	3	344	0	3	244	0	18	471	0	7	111	0	35	499	0	0	90	0	7	517	0	0	129	0	0	279	0	0	0	0	1	351	0	0	114	0	0	1	0	13	137	0	5	162	0	2	0	3	71	189	0	21	150	0	2	252	0	7	123	0	16	195	0	0	168	0	0	930	0	8	121	0	0	235	0	21	135	0	0	1	0	31	201	0	51	216	0	0	0	6	411	0	7	276	0	4	110	1	116	438	0	69	105	0	38	446	0	13	96	1	12	460	0	2	152	0	7	171	0	0	146	0	12	205
"Cluster_113"	0	0	0	0	0	2	0	0	0	0	0	3	0	0	0	0	0	89	0	0	0	0	0	3	0	0	0	0	0	1	0	0	0	0	0	121	60	0	0	0	0	14	0	0	0	0	0	0	0	0	0	0	0	1	0	0	0	0	0	0	0	0	0	0	0	0	0	0	6	0	0	4	0	0	0	0	0	0	0	0	104	0	0	4	0	0	53	0	0	0	0	0	0	0	0	1	0	0	0	0	0	7	0	0	70	0	0	0	0	585	0	0	0	0	0	0	0	5	0	0	0	1	0	0	0	0	0	7	0	0	0	0	0	0	0	0	0	0	0	0	0	0	1	0	0
"Cluster_36"	290	9	234	0	0	521	1	0	191	1	0	189	0	0	174	0	0	139	1	1	145	1	0	208	0	0	144	0	0	242	0	1	84	0	1	149	0	0	142	0	0	307	0	0	99	1	0	136	2	0	81	0	0	135	0	0	145	2	5	162	0	0	112	0	0	196	39	0	184	0	0	199	0	0	137	0	0	209	0	0	122	0	0	446	0	0	134	0	0	157	0	1	171	0	0	124	0	0	193	9	1	1	0	0	35	0	0	203	1	36	0	0	27	0	0	60	0	0	38	0	0	3	0	0	2	0	0	82	0	0	53	0	0	53	0	0	43	0	0	93	0	0	18	0	0
"Cluster_176"	54	6	13	0	0	66	0	0	22	0	0	21	0	0	41	0	0	400	0	0	13	0	0	29	0	0	63	0	0	44	0	0	9	0	0	43	0	0	18	0	0	23	0	0	22	0	0	22	0	0	11	0	0	19	0	0	44	0	1	9	0	0	34	0	0	24	5	0	32	0	0	42	0	0	36	0	0	41	0	0	22	0	0	78	0	0	19	0	0	17	0	0	5	0	0	13	0	0	28	0	0	0	0	0	0	0	0	32	7	0	0	0	0	0	0	0	0	0	73	0	0	3	0	0	1	0	0	0	0	0	16	0	0	0	0	0	0	0	0	9	0	0	0	0	0
"Cluster_100"	62	0	89	0	0	30	0	0	49	0	0	62	0	1	15	0	0	5	0	0	65	0	0	124	0	0	4	0	0	71	0	0	19	0	0	19	0	0	36	0	0	39	0	0	66	0	0	1	0	1	3	0	0	36	0	0	32	0	0	31	0	0	97	0	0	26	6	1	106	0	0	22	0	0	2	0	0	60	0	0	15	0	0	39	0	0	48	0	0	15	0	0	17	0	0	47	0	0	27	1	0	0	0	0	0	0	0	13	0	0	0	0	0	0	0	0	0	0	0	0	0	0	0	0	0	0	0	0	0	0	0	0	0	0	1	0	0	0	0	0	0	0	0	0	0
"Cluster_101"	14	1	16	0	0	15	0	0	4	0	0	24	0	0	15	0	0	89	0	0	8	0	0	65	0	0	19	0	0	73	0	0	6	0	0	28	0	0	1	0	0	1	0	0	2	0	0	137	0	0	5	0	0	43	0	0	12	0	2	3	0	0	3	0	0	4	14	5	29	0	0	76	0	0	25	0	0	7	0	0	43	0	0	107	0	0	55	0	0	5	0	0	6	0	0	19	0	0	49	2	0	0	0	0	381	0	0	51	5	118	0	0	11	0	0	187	0	1	6	0	0	169	0	0	2	0	0	299	0	0	5	0	0	20	0	0	2	0	0	3	0	0	6	0	0
"Cluster_88"	35	1	76	0	0	171	0	0	11	0	0	1	0	0	27	0	0	2	0	0	45	0	0	27	0	0	14	0	0	10	0	0	6	0	0	12	0	0	31	0	0	57	0	0	15	0	0	4	0	0	4	0	0	11	0	0	13	0	0	7	0	0	45	0	0	8	0	0	13	0	0	19	0	0	6	0	0	33	0	0	2	0	0	52	0	0	8	0	0	13	0	0	14	0	0	4	0	0	8	0	0	0	0	0	18	0	0	6	0	1	0	0	27	0	0	165	0	0	286	0	0	3	0	0	42	0	0	100	0	0	20	0	0	47	1	0	17	0	0	17	0	0	4	0	0
"Cluster_110"	19	0	21	0	0	8	0	0	82	2	0	25	0	0	22	0	0	38	0	0	53	0	0	14	0	0	63	0	0	41	0	0	59	0	0	60	0	0	29	0	0	39	0	0	6	0	0	134	1	0	28	0	0	28	0	1	51	0	1	16	0	0	11	0	0	53	10	0	19	0	0	15	0	0	43	0	0	9	0	0	11	0	0	13	0	0	63	0	0	18	0	0	20	0	0	28	0	0	58	15	0	0	0	0	0	0	0	99	0	3	0	0	0	0	0	0	0	0	0	0	0	0	0	0	4	0	0	3	0	0	0	0	0	0	0	0	0	0	0	1	0	0	0	0	0
"Cluster_141"	90	1	76	0	0	67	0	0	59	0	0	19	0	0	33	0	0	5	0	0	65	0	0	35	0	0	52	0	0	24	0	0	76	0	0	22	0	0	20	0	0	41	0	0	10	0	0	117	0	0	25	0	0	42	0	0	87	0	0	21	0	0	21	0	0	139	23	1	22	0	0	30	0	0	53	0	0	44	0	0	1	0	0	147	0	0	9	0	0	64	0	0	21	0	0	50	0	0	191	3	0	0	0	0	1	0	0	110	2	0	0	0	15	0	0	2	0	0	1	0	0	0	0	0	0	0	0	1	0	0	2	0	0	6	0	0	1	0	0	10	0	0	3	0	0
"Cluster_35"	174	0	274	0	0	94	1	0	78	0	0	144	0	0	39	0	0	5	0	0	189	1	0	174	0	0	62	0	0	79	0	2	87	0	0	44	0	0	228	0	0	140	0	0	91	0	0	5	1	0	58	0	0	106	0	1	22	0	3	190	0	0	76	0	0	51	22	0	143	0	0	122	0	0	20	0	0	130	0	0	41	0	0	234	0	0	49	0	0	24	0	0	196	0	0	92	1	0	122	1	1	0	0	0	3	0	0	55	1	0	0	0	28	0	0	18	0	0	10	0	0	0	0	0	1	0	0	21	0	0	27	0	1	14	0	0	8	0	0	17	0	0	15	0	0
"Cluster_80"	11	0	34	0	0	12	0	0	26	0	0	15	0	0	20	0	0	6	0	0	41	0	0	20	0	0	5	0	0	17	0	0	5	0	0	7	0	0	6	0	0	9	0	0	2	0	0	0	0	0	17	0	0	20	0	0	5	0	1	11	0	0	7	0	0	11	10	0	31	0	0	11	0	0	15	0	0	1	0	0	10	0	0	28	0	0	11	0	0	7	0	0	8	0	0	11	0	0	25	0	0	0	0	0	16	0	0	14	0	0	0	0	125	0	0	63	0	0	95	0	0	0	0	0	5	0	0	177	0	0	123	0	0	35	0	0	30	0	0	154	0	0	76	0	0
"Cluster_87"	371	4	0	0	0	8	0	0	113	3	0	136	0	0	28	0	0	79	0	0	21	0	0	13	0	0	18	0	0	61	0	0	4	0	0	23	0	0	71	0	0	1	0	0	69	0	0	7	1	0	1	0	0	94	0	0	62	0	0	3	0	0	35	0	0	93	2	1	70	0	0	106	0	0	32	0	0	7	0	0	32	0	0	57	0	0	122	0	0	26	0	0	8	0	0	19	0	0	23	0	0	0	0	0	0	0	0	27	7	0	0	0	0	0	0	0	0	0	0	0	0	0	0	0	0	0	0	0	0	0	0	0	0	0	0	0	0	0	0	0	0	0	0	0	0
"Cluster_55"	77	7	0	0	0	59	0	0	74	0	0	4	0	0	46	0	0	11	0	0	56	0	0	7	0	0	40	0	0	10	0	0	42	0	0	30	0	0	19	0	0	10	0	0	5	0	0	210	0	0	23	0	0	63	0	0	82	0	4	1	0	0	22	0	0	114	45	0	11	0	0	80	1	0	32	0	0	10	0	0	7	0	0	87	0	0	31	0	0	49	0	0	17	0	1	21	0	0	227	3	0	10	0	0	1	0	0	117	19	0	0	0	10	0	0	170	0	0	413	0	0	0	0	0	0	0	0	213	0	0	119	0	0	55	0	0	51	0	0	4	0	0	8	0	0
"Cluster_131"	94	0	88	0	0	55	0	0	42	0	0	36	0	0	39	0	0	2	0	0	94	0	0	32	0	0	14	0	0	24	0	0	58	0	0	23	0	0	68	0	0	55	0	0	39	0	0	26	0	0	25	0	0	57	0	0	34	0	5	54	0	0	32	0	0	79	14	0	102	0	0	25	0	0	13	0	0	16	0	0	31	0	0	19	0	0	16	0	0	20	0	0	35	0	0	50	0	0	64	0	0	0	0	0	0	0	1	70	1	1	0	0	31	0	0	1	0	0	2	0	0	0	0	0	0	0	0	5	0	0	5	0	0	11	0	0	10	0	0	35	0	0	0	0	0
"Cluster_51"	127	1	255	1	0	140	0	0	123	1	0	148	0	0	27	0	0	53	0	0	53	0	0	77	0	0	27	0	0	149	0	0	71	0	0	114	0	0	31	0	0	72	0	0	20	0	0	28	1	0	18	0	0	30	0	0	136	1	6	77	0	0	42	0	0	156	37	0	113	0	0	70	0	0	75	0	0	63	0	0	61	0	0	49	0	0	96	1	0	51	0	0	45	0	0	62	0	0	130	0	4	0	0	0	21	0	0	184	0	9	0	0	9	0	0	7	0	0	3	0	0	2	0	0	1	0	0	51	0	0	9	0	0	10	0	0	19	0	0	7	0	0	2	0	0
"Cluster_59"	72	13	6	0	0	54	0	0	118	0	0	38	0	0	122	0	0	32	0	0	82	2	0	3	0	0	76	0	0	29	0	0	82	0	0	52	0	0	30	0	0	143	0	0	24	0	2	141	0	0	44	0	0	90	0	1	95	0	1	39	0	0	44	0	0	116	63	0	22	0	0	84	0	0	32	0	0	25	0	0	43	1	0	83	0	0	45	0	0	66	0	0	58	0	0	17	0	0	143	2	1	1	0	0	2	0	0	139	13	177	1	0	0	0	0	0	0	0	0	0	0	0	0	0	41	0	0	0	0	0	0	0	0	6	0	0	0	0	0	0	0	0	0	0	0
"Cluster_57"	85	21	4	0	0	80	0	0	129	3	0	21	0	0	40	0	0	14	0	0	91	0	0	0	0	0	61	0	0	4	0	0	102	1	0	63	0	0	25	0	0	137	0	0	19	0	0	253	7	0	31	0	0	85	0	0	70	0	0	53	0	0	60	0	0	97	80	0	48	1	0	45	0	0	15	0	0	35	0	0	17	0	0	30	0	0	21	0	0	54	0	0	43	0	0	42	0	0	315	6	1	0	0	0	8	0	0	252	4	0	0	0	7	0	0	10	0	0	26	0	0	4	0	0	3	0	0	62	0	0	13	0	1	15	0	0	6	0	0	109	0	0	2	0	0
"Cluster_58"	53	0	94	0	0	114	1	0	61	0	0	75	0	0	106	0	0	55	0	0	67	1	0	200	0	0	19	0	0	152	1	0	67	0	0	110	0	0	108	0	1	57	0	1	61	0	0	7	0	1	76	0	0	63	0	0	53	0	6	52	0	0	95	0	0	115	6	0	305	0	0	81	0	0	48	0	0	109	0	0	37	0	0	175	0	0	129	0	0	93	0	0	90	0	0	52	0	0	35	0	0	0	0	0	3	0	0	32	2	0	0	0	0	0	0	0	0	0	0	0	0	0	0	0	28	0	0	1	0	0	0	0	0	0	0	0	0	0	0	0	0	0	0	0	0
"Cluster_93"	26	0	16	0	0	13	0	1	47	2	0	22	0	0	16	0	0	908	0	0	11	0	0	25	0	0	20	0	0	54	0	0	6	0	0	25	0	0	14	0	0	18	0	0	7	0	0	54	0	0	7	0	0	6	0	0	36	0	0	14	0	0	2	0	0	37	5	0	17	0	0	42	1	0	5	0	0	6	0	0	125	0	0	17	0	0	7	0	0	27	0	0	42	0	0	16	0	0	51	1	0	0	0	0	0	0	0	22	0	34	0	0	0	0	0	0	0	0	0	1	0	1	0	0	1	0	0	0	0	0	0	0	0	5	0	0	0	0	0	2	0	0	0	0	0
"Cluster_85"	162	4	12	0	0	218	0	0	28	0	0	31	0	1	19	0	0	112	0	0	13	0	0	2	0	0	158	0	0	192	0	0	71	0	0	60	0	0	28	0	0	43	0	0	23	0	0	51	0	0	9	0	0	8	0	0	73	0	2	47	0	0	7	0	0	113	7	0	19	0	0	13	0	0	102	0	0	26	0	0	15	0	1	261	0	0	13	0	0	22	0	0	15	0	0	16	0	0	55	1	0	1	0	0	0	0	0	36	0	15	0	0	11	0	0	1	0	0	3	0	0	1	0	0	0	0	0	0	0	0	0	0	0	3	0	0	0	0	0	0	0	0	0	0	0
"Cluster_50"	50	1	125	0	0	22	0	0	31	0	0	49	0	0	129	0	1	11	0	0	85	0	0	31	0	0	340	1	0	25	0	0	163	0	0	24	0	0	59	0	0	53	0	0	147	0	0	1	0	0	86	0	0	109	0	0	56	0	1	83	0	0	217	0	1	50	12	0	103	0	0	84	0	0	51	0	0	191	0	0	36	0	0	320	0	0	68	0	0	259	0	0	32	0	0	116	0	0	16	1	2	0	0	0	1	0	0	14	0	0	0	0	0	0	0	0	1	0	0	0	0	0	0	1	0	0	0	0	0	0	0	0	0	0	0	0	0	0	0	0	0	0	0	0	0
"Cluster_156"	15	0	38	0	0	21	0	0	20	0	0	5	0	0	51	0	0	0	0	0	22	0	0	12	0	0	16	0	0	0	0	0	24	0	0	5	0	0	36	0	0	25	0	0	30	0	0	3	0	0	13	0	0	21	0	0	3	0	3	10	0	0	17	0	0	8	1	0	22	0	0	30	0	0	7	0	0	22	0	0	1	0	0	71	0	0	10	0	0	7	0	0	10	0	0	8	0	0	11	0	0	0	0	0	46	0	0	15	0	0	0	0	121	0	0	49	0	0	35	0	0	1	0	0	37	0	0	41	0	0	26	0	0	32	0	0	47	0	0	11	0	0	83	0	0
"Cluster_56"	161	1	90	0	0	88	0	0	87	0	0	27	0	0	50	0	0	9	0	0	88	1	1	53	0	0	74	0	0	57	0	0	42	0	0	40	0	0	104	0	0	137	0	0	14	0	0	19	0	0	70	0	0	62	0	0	84	0	0	23	0	0	92	0	0	206	8	0	85	0	0	107	0	0	102	0	0	72	0	0	36	0	0	268	0	0	116	0	0	74	0	0	5	0	0	74	0	0	70	2	0	1	0	0	23	0	0	110	0	1	0	0	4	0	0	5	0	0	2	0	0	1	0	0	0	0	0	5	0	0	13	0	0	7	0	0	3	0	0	0	0	0	0	0	0
"Cluster_130"	4	0	9	0	0	32	0	0	2	0	0	3	0	0	16	0	0	1	0	0	0	0	0	3	0	0	10	0	0	0	0	0	2	0	0	0	0	0	4	0	0	3	0	0	0	0	0	0	0	0	10	0	0	1	0	0	1	0	0	0	0	0	21	0	0	1	4	0	5	0	0	3	0	0	0	0	0	2	0	1	0	0	0	50	0	0	6	0	0	0	0	0	12	0	0	5	0	0	1	0	0	0	0	0	93	0	0	8	0	0	0	0	88	0	0	79	0	0	139	0	0	0	0	0	52	0	0	152	0	0	175	0	0	137	0	0	54	0	0	34	0	0	116	0	0
"Cluster_79"	27	0	43	0	0	38	0	0	8	0	0	6	0	0	18	0	0	156	0	0	20	0	0	4	0	0	118	0	0	17	0	0	18	0	0	24	0	0	9	0	0	20	0	0	9	0	0	80	0	0	61	0	0	17	0	0	59	0	2	37	0	0	6	0	0	24	0	0	15	0	0	49	0	0	14	0	0	18	0	0	25	0	0	78	0	0	8	0	0	16	0	0	111	0	0	27	0	0	5	0	0	2	0	0	46	0	0	15	5	100	0	0	17	0	1	561	0	0	0	0	0	37	0	0	98	0	0	160	0	0	14	0	0	76	0	0	8	0	0	134	0	0	29	1	0
"Cluster_122"	46	0	1	0	0	62	0	0	15	0	0	17	0	0	26	0	0	0	0	0	53	0	0	14	0	0	67	0	0	5	0	0	28	0	0	5	0	0	56	0	0	62	0	0	60	0	0	18	0	0	19	0	0	82	0	0	13	1	0	24	0	0	64	0	0	20	9	0	13	0	0	40	0	0	26	0	0	36	0	0	4	0	0	96	0	0	21	0	0	9	0	0	5	0	0	14	0	0	41	1	0	0	0	0	1	0	0	54	0	0	0	0	12	0	0	13	0	0	33	0	0	0	0	0	2	0	0	15	0	0	14	0	0	14	0	0	1	0	0	9	0	0	9	0	0
"Cluster_92"	17	0	0	0	0	4	0	0	12	0	0	3	0	0	2	0	0	0	0	0	2	0	0	0	0	0	2	0	0	1	0	0	3	0	0	5	0	0	1	0	0	6	0	0	1	0	0	1	2	0	1	0	0	1	0	0	5	0	1	5	0	0	1	0	0	8	0	0	0	0	0	3	0	0	1	0	0	4	0	0	0	0	0	1	0	0	1	0	0	1	0	0	2	0	0	1	0	0	7	0	0	0	0	0	79	0	0	15	0	5	0	0	127	0	0	35	0	0	336	0	0	4	0	0	113	0	1	51	0	0	188	0	0	18	0	0	279	0	0	26	0	0	453	0	0
"Cluster_39"	138	1	85	0	0	228	0	0	158	0	0	52	0	0	70	0	0	33	0	0	54	0	0	80	0	0	47	0	0	47	0	0	96	0	0	79	0	0	129	0	0	99	0	0	81	0	0	123	2	0	35	0	0	90	0	0	95	1	6	54	0	0	93	0	0	120	56	0	56	0	0	75	0	0	98	0	0	50	0	0	28	0	0	29	0	0	62	0	0	20	0	0	15	0	0	25	0	0	212	2	0	0	0	0	35	0	0	215	0	18	1	0	95	0	0	43	0	0	90	0	0	2	0	0	32	0	0	41	0	0	80	0	0	101	0	0	11	0	0	24	0	0	98	0	0
"Cluster_62"	46	0	70	0	0	109	0	0	94	0	0	56	0	0	43	0	0	8	0	1	45	0	0	55	0	0	40	0	0	38	0	0	59	0	0	61	0	0	57	0	0	54	0	0	27	0	0	62	3	0	26	0	0	68	0	0	62	0	0	41	0	0	36	0	1	65	16	0	23	0	0	38	0	0	81	0	0	21	0	0	12	0	0	24	0	0	43	0	0	11	0	0	10	0	0	17	0	0	97	4	0	0	0	0	31	0	0	122	0	16	0	0	75	0	0	63	0	0	88	0	0	1	0	0	24	0	0	49	0	0	59	0	0	121	0	0	14	0	0	31	0	0	85	0	0
"Cluster_114"	57	2	6	0	0	47	0	0	38	0	0	1	0	0	19	0	0	1	0	0	73	0	0	5	0	0	35	0	0	2	0	0	44	0	0	11	0	0	35	0	0	20	0	0	34	0	0	24	0	0	44	0	0	27	0	0	18	1	5	24	0	0	29	0	0	27	7	0	8	0	0	14	0	0	23	0	0	90	0	0	2	0	0	14	0	0	10	0	0	21	0	0	1	0	0	8	0	0	38	1	0	0	0	0	2	0	0	24	0	3	0	0	53	0	0	11	0	0	55	0	0	0	0	0	8	0	0	7	0	0	57	0	0	44	0	0	32	0	0	21	0	0	65	0	0
"Cluster_107"	34	4	208	0	0	15	0	0	72	0	0	33	0	0	11	0	0	30	0	0	36	0	0	49	0	0	37	0	0	23	0	0	34	0	0	17	0	0	16	0	0	13	0	0	14	0	0	43	1	0	20	0	0	20	0	0	50	0	1	55	0	0	28	0	0	86	9	0	17	1	0	19	0	0	4	0	0	18	0	0	34	0	0	10	0	0	34	0	0	6	0	0	32	0	0	6	0	0	46	4	2	1	0	0	0	0	0	75	2	65	0	0	1	0	0	11	0	0	85	0	0	2	0	0	7	0	0	47	0	0	8	0	0	3	0	0	6	0	0	42	0	0	1	0	0
"Cluster_77"	4	1	43	0	0	23	1	0	29	0	0	38	0	0	42	0	0	8	0	0	27	1	0	57	0	0	19	0	0	53	0	0	34	0	0	19	0	0	84	0	0	32	0	0	35	0	0	6	0	0	6	0	0	19	0	0	17	0	0	25	0	0	80	0	0	20	5	0	60	0	0	13	0	0	4	0	0	48	0	0	5	0	0	65	0	0	25	0	0	41	0	0	14	0	0	30	0	0	30	0	0	0	0	0	15	0	0	14	0	2	0	0	36	1	0	44	0	0	446	0	0	0	0	0	7	0	0	90	0	0	37	0	1	54	0	0	48	0	0	5	0	0	37	0	0
"Cluster_25"	108	22	141	0	0	30	0	0	277	4	2	48	0	0	38	0	0	115	0	0	77	0	0	18	0	0	72	0	0	60	0	0	36	0	0	92	0	0	72	0	0	94	0	0	32	0	0	143	4	0	37	0	0	39	0	0	524	2	10	58	0	0	30	0	0	213	26	2	57	0	0	94	0	0	16	0	0	55	0	0	67	0	0	56	0	0	27	0	1	61	0	0	343	0	0	29	0	0	214	4	5	124	1	0	252	0	0	299	21	355	0	0	217	0	0	79	0	1	79	0	0	7	0	0	72	0	0	483	0	0	371	0	0	138	0	0	63	0	0	207	0	0	395	0	0
"Cluster_78"	13	2	27	0	0	8	0	0	26	0	0	6	0	0	28	0	0	51	0	0	20	0	0	4	0	0	24	0	0	15	1	0	12	0	0	5	0	0	14	0	0	30	0	0	0	0	0	62	0	0	11	0	1	26	0	0	40	4	0	26	0	0	24	0	0	25	9	3	18	0	0	24	0	0	13	0	0	21	0	0	43	0	0	12	0	0	12	0	0	6	0	0	57	0	0	4	0	0	65	1	0	237	0	0	8	0	0	71	11	50	0	0	70	0	0	61	0	0	26	0	0	0	0	0	16	0	0	92	0	0	75	0	0	30	0	0	43	0	0	34	0	0	149	0	0
"Cluster_105"	32	0	14	0	0	11	0	0	30	0	0	20	0	0	29	0	0	94	0	0	14	0	0	12	0	0	22	0	0	66	0	0	18	0	0	15	0	0	25	0	0	23	0	0	24	0	0	40	1	0	23	0	0	11	0	0	20	0	0	16	0	0	6	0	0	17	0	0	46	0	0	50	0	0	34	0	0	22	0	0	45	0	0	8	0	0	52	0	0	4	0	0	17	0	0	13	0	0	21	3	0	0	0	0	19	0	0	31	0	27	0	0	48	0	0	37	0	0	80	0	0	20	0	0	91	0	0	60	0	0	41	0	0	27	0	0	13	0	0	5	0	0	32	0	0
"Cluster_202"	20	0	6	0	0	8	0	0	4	0	0	31	0	0	8	0	0	26	0	0	5	0	0	15	0	0	16	0	0	16	0	0	5	0	0	211	0	0	2	0	0	10	0	0	9	0	0	29	0	0	42	0	0	10	0	0	5	0	0	13	0	0	5	0	0	10	0	0	6	0	0	13	0	0	15	0	0	2	0	0	13	0	0	6	0	0	80	0	0	3	0	0	19	0	0	13	0	0	6	0	0	20	0	0	67	0	0	3	0	2	0	0	51	0	0	49	0	0	192	0	0	10	0	0	9	0	0	5	0	0	8	0	0	42	0	0	13	0	0	1	0	1	27	0	0
"Cluster_121"	11	0	21	0	0	0	0	0	55	0	0	2	0	0	7	0	0	33	0	0	22	0	0	19	0	0	8	0	1	34	0	0	1	0	0	58	0	0	3	0	0	18	0	0	1	0	0	49	0	0	2	0	0	9	0	0	7	0	0	35	0	0	13	0	0	38	0	0	62	0	0	14	0	0	24	0	0	4	0	0	54	0	0	6	0	0	7	0	0	14	0	0	29	0	0	10	0	0	25	0	2	48	0	0	37	0	0	18	6	567	0	0	31	0	0	74	0	2	57	1	0	22	0	0	53	0	0	90	0	0	35	0	0	75	0	0	4	0	0	16	0	0	27	0	0
"Cluster_19"	97	1	117	1	0	7	0	0	237	0	5	40	0	0	53	0	0	67	0	1	160	0	0	75	0	0	58	0	0	165	0	1	11	0	1	419	0	0	36	0	0	134	1	0	28	0	1	353	6	0	27	0	0	83	0	1	95	5	12	103	0	0	46	0	0	127	49	2	245	0	0	171	0	0	93	0	0	24	0	0	331	0	0	12	0	0	204	0	2	72	0	0	52	0	0	93	0	1	240	0	1	148	0	0	247	0	0	157	16	1143	0	0	104	0	0	966	0	4	819	1	0	49	0	0	418	0	0	225	0	0	480	1	0	726	0	0	226	0	0	128	0	0	212	1	0
"Cluster_211"	20	0	1	0	0	5	0	0	16	0	1	33	0	0	84	0	0	200	0	0	73	1	0	4	0	0	27	0	0	100	0	0	26	0	0	12	0	0	17	0	0	55	0	0	10	0	0	33	0	0	57	0	0	33	0	0	10	1	0	4	0	0	9	0	0	26	0	0	50	0	0	37	0	0	45	0	0	31	0	0	69	0	0	111	1	0	11	0	0	20	0	0	8	0	0	17	0	0	15	1	0	19	0	0	72	0	0	5	0	5	0	0	8	0	0	326	0	0	26	0	0	12	0	0	10	0	0	11	0	0	2	0	0	27	0	0	2	0	0	6	0	0	2	0	0
"Cluster_164"	39	0	18	0	0	17	0	0	21	0	0	20	0	0	29	0	0	41	0	1	7	1	0	26	0	0	22	0	0	33	0	0	15	0	0	53	0	0	48	0	0	24	0	0	24	0	0	7	0	0	10	0	0	20	0	0	25	0	0	17	0	0	23	0	0	44	19	0	31	0	0	35	0	0	25	0	0	24	0	0	41	0	0	10	0	0	44	0	0	18	0	0	13	0	0	11	0	0	26	0	1	2	0	0	108	0	0	21	1	66	0	0	15	0	0	30	0	0	62	0	0	6	0	0	12	0	0	84	0	0	57	0	0	41	0	0	8	0	0	1	0	0	23	0	0
"Cluster_52"	149	0	10	0	0	53	0	0	116	0	0	139	0	0	168	0	0	23	0	0	103	2	0	8	0	0	60	0	0	113	1	0	70	0	0	19	0	0	235	1	0	104	0	0	173	0	0	58	0	0	326	0	0	131	0	1	85	0	5	94	0	0	125	0	0	140	22	0	134	0	0	181	0	0	93	0	0	166	0	0	84	0	0	244	0	0	169	0	0	72	0	0	29	0	0	61	0	0	110	0	1	1	0	0	10	0	0	147	0	21	0	0	4	0	0	23	0	1	17	1	0	1	0	0	7	0	0	71	0	0	9	0	0	33	0	0	62	0	0	22	0	0	17	0	0
"Cluster_73"	70	0	42	0	0	17	0	1	123	0	0	65	0	0	93	0	0	8	0	0	43	0	0	70	0	0	17	0	0	64	0	0	72	0	0	47	0	0	108	0	0	53	0	0	101	0	0	31	1	0	45	0	0	119	0	0	50	0	2	55	0	0	116	0	0	117	0	0	64	0	0	104	0	0	32	0	0	96	0	0	42	0	1	37	0	0	187	0	0	28	0	0	12	0	0	31	0	0	52	0	0	0	0	0	12	0	0	69	0	130	0	0	43	0	0	14	0	0	12	0	0	0	0	0	0	0	0	60	0	0	12	0	0	21	0	0	20	0	0	0	0	0	52	0	0
"Cluster_91"	25	0	6	0	0	3	1	0	5	0	0	123	0	0	17	0	0	57	0	0	2	0	0	32	0	0	9	0	0	96	0	0	23	0	0	100	0	0	47	0	0	18	0	0	6	0	0	0	0	0	20	0	0	30	0	0	4	0	4	52	0	0	26	0	0	12	0	1	57	0	0	37	0	0	34	0	0	22	0	0	102	0	0	7	0	0	267	0	0	19	0	0	8	0	0	47	0	0	3	0	1	50	0	0	50	0	0	7	0	8	0	0	0	0	0	8	0	0	0	0	0	4	0	0	2	0	0	4	0	0	0	0	0	2	0	0	0	0	0	0	0	0	0	0	0
"Cluster_46"	84	1	2	0	0	7	0	0	153	1	0	269	0	1	64	0	0	392	0	0	210	0	0	59	0	0	35	0	0	244	0	0	119	0	0	143	0	0	246	0	0	73	0	0	218	0	0	33	0	0	30	0	0	158	0	0	52	0	4	81	0	0	212	0	0	97	32	1	171	0	0	199	0	0	84	0	0	49	0	0	314	0	0	61	1	0	178	0	0	56	0	0	55	0	0	105	0	0	62	2	2	38	0	0	5	0	0	55	0	630	1	0	8	0	0	64	0	4	0	0	0	21	0	0	129	0	0	37	0	0	2	0	0	6	0	0	29	0	0	0	0	0	0	0	0
"Cluster_292"	42	0	20	0	0	431	0	0	71	1	0	23	0	0	27	0	0	15	0	0	14	0	0	9	0	0	34	0	0	22	0	0	21	0	0	26	0	0	43	0	0	40	0	0	55	1	0	121	0	0	34	0	0	14	0	0	97	2	0	26	0	0	17	0	0	55	22	0	49	0	0	21	0	0	14	0	0	26	0	0	20	0	0	47	0	0	24	1	0	31	0	0	31	0	0	13	0	0	43	1	0	3	0	0	2	0	0	29	1	7	1	0	0	0	0	2	0	0	8	0	0	2	1	0	1	0	0	3	0	0	0	0	0	4	0	0	0	0	0	8	0	0	2	0	0
"Cluster_72"	133	1	125	0	0	194	0	0	264	1	0	1	0	0	4	0	0	4	0	0	70	1	0	75	0	0	13	0	0	9	0	0	253	0	0	74	0	0	64	0	0	358	0	0	73	0	0	402	5	0	105	0	0	81	0	1	93	4	4	109	0	0	76	0	0	233	292	0	39	1	0	48	0	0	21	0	0	317	0	0	0	0	0	5	0	0	6	0	0	13	0	0	23	0	0	36	0	0	598	6	0	0	0	0	0	0	0	259	0	0	0	0	0	0	0	0	0	0	0	0	0	0	0	0	0	0	0	1	0	0	0	0	0	1	0	0	0	0	0	0	0	0	0	0	0
"Cluster_86"	218	0	151	0	0	239	0	0	106	0	0	33	0	0	117	0	0	8	0	0	111	0	0	170	0	0	59	0	0	30	0	0	101	0	0	72	0	0	136	0	0	167	0	0	103	0	1	119	0	1	145	0	0	138	0	1	111	1	3	75	0	0	67	0	0	76	5	0	84	1	0	84	0	0	92	0	1	83	0	0	93	0	0	11	0	0	172	0	0	12	0	0	7	0	0	60	0	0	69	4	3	0	0	0	15	0	0	117	1	0	0	0	39	0	0	3	0	0	14	0	0	0	0	0	8	0	0	49	0	0	27	0	0	142	0	0	0	0	0	0	0	0	38	0	0
"Cluster_29"	0	1294	0	0	0	0	2	0	1	60	1045	0	0	2	0	0	0	0	0	0	1	0	0	0	1	0	0	0	0	0	2	0	0	1	0	0	0	0	0	0	0	0	2	0	0	0	1	0	2	140	0	1	0	0	0	0	0	80	443	0	0	0	0	0	0	0	72	780	0	0	0	0	1	2	0	0	0	0	0	0	1	0	0	0	0	2	0	0	0	0	0	0	0	0	0	0	0	0	0	0	40	0	0	0	0	0	0	0	651	0	0	0	0	0	0	0	0	0	0	0	0	0	0	0	0	0	0	0	0	0	0	0	0	0	0	0	0	0	0	0	0	1	0	0	0
"Cluster_84"	1	194	0	0	0	0	0	0	0	24	119	0	0	0	0	0	0	0	0	0	0	0	0	0	0	0	0	0	3	0	0	0	0	0	0	0	0	0	0	0	0	0	0	0	0	0	2	0	0	173	1	0	0	0	0	0	0	20	93	0	0	0	0	0	0	1	1	1	0	1	0	0	0	2	0	0	0	0	0	0	0	0	0	0	0	0	0	0	1	0	0	0	0	0	0	0	0	0	0	3	659	0	0	0	0	0	0	0	74	0	0	0	0	0	0	0	0	0	0	0	0	0	0	0	0	0	0	0	0	0	0	0	0	0	0	0	0	0	0	0	0	0	0	0	0
"Cluster_2"	1717	74	3323	94	57	2802	2663	282	532	484	24	4110	7031	939	2386	2730	159	731	46	40	2337	5001	936	4579	511	68	3778	3573	792	3407	554	44	4005	6852	2006	1907	2598	45	1799	6082	750	2451	5901	2079	4660	6863	2546	1373	19	46	4027	3733	118	2753	1497	408	1431	343	320	5393	3619	1133	2554	1733	2130	150	462	69	1821	21	5	1662	856	435	3883	630	170	4367	1691	414	2580	95	69	113	41	24	2228	4845	404	3975	312	197	1581	198	402	2518	2724	177	908	14	506	8	44	17	52	9553	7384	291	106	36	27	49	3783	7738	3861	933	104	81	1271	10551	9246	1484	565	415	2726	10926	9471	2683	2290	1339	3600	10759	7393	2899	1259	354	3067	8001	3818	515	59	32	1549	6830	5588
"Cluster_241"	1	0	2	1	3	0	47	4	1	0	0	0	21	32	11	8	6	0	0	1	11	10	11	0	2	1	7	44	15	2	12	0	3	54	64	0	36	2	2	19	9	2	6	45	3	15	36	1	0	0	3	22	1	4	35	9	2	0	0	0	36	24	3	31	41	0	0	0	4	0	0	1	32	11	7	17	1	1	22	19	0	0	1	0	0	1	0	71	7	13	6	7	24	1	6	8	19	1	0	0	0	0	0	0	0	0	0	0	0	0	0	1	0	0	0	1	3	0	0	0	0	32	6	8	0	0	0	1	21	8	0	0	0	1	25	8	0	0	0	8	1	0	0	0	0
"Cluster_297"	0	0	3	0	0	1	43	5	1	0	0	2	17	28	10	11	0	0	1	0	10	8	12	0	2	1	8	29	7	0	3	0	2	42	38	0	43	2	3	16	20	5	7	36	5	10	29	0	0	0	3	24	6	1	47	8	0	0	0	0	29	22	1	42	20	0	0	1	2	0	0	0	35	10	5	8	2	2	13	13	0	1	0	0	0	0	0	59	4	5	9	5	20	0	14	6	18	0	0	0	0	0	0	0	0	0	0	0	0	0	1	1	0	0	0	2	5	0	0	0	0	14	9	6	0	0	0	2	24	4	0	0	0	1	16	6	0	0	0	8	2	1	0	0	0
"Cluster_251"	1	0	3	0	0	0	13	1	1	0	0	2	5	6	0	18	3	0	0	0	2	3	5	1	0	0	0	39	3	1	6	0	0	12	3	0	5	1	0	18	6	1	0	0	0	9	24	0	0	0	2	0	0	0	8	1	2	0	0	0	6	1	1	10	8	1	0	0	2	0	0	4	3	1	1	4	1	0	6	0	2	0	1	1	2	0	0	13	9	1	1	3	0	0	8	2	18	3	1	0	1	0	3	2	0	9	46	0	0	0	1	2	0	50	90	1	4	2	0	4	3	3	10	9	0	0	0	1	32	31	1	0	30	1	7	3	3	45	91	1	0	0	0	39	74
"Cluster_9"	9	37	20	256	334	5	43	239	3	8	0	61	10	768	18	92	281	11	101	174	87	49	859	9	76	978	5	64	187	180	58	314	1	3	572	10	14	339	61	529	1205	17	7	140	0	37	351	0	0	1	37	70	313	5	22	153	27	0	3	12	265	1681	13	290	595	11	17	35	57	8	68	3	6	24	54	260	772	3	298	655	9	463	781	4	20	30	9	49	178	2	58	100	20	104	218	86	139	1052	9	1	4	2	384	373	2	0	0	4	20	1	162	181	0	0	0	124	369	429	0	0	1	195	508	358	1	0	0	12	263	405	0	0	0	12	430	508	0	0	0	48	80	166	0	0	0
"Cluster_12"	702	79	9	463	817	6	47	241	723	201	42	32	2	10	163	202	823	39	408	855	26	12	148	5	27	96	33	138	568	59	399	1682	1	5	22	4	37	313	16	27	52	3	0	4	28	258	866	440	19	43	6	16	114	77	35	96	1321	42	55	1	8	26	4	263	382	1828	560	292	130	321	1359	494	49	157	25	69	157	9	207	102	40	105	217	1548	1974	2360	27	35	362	23	194	540	13	382	744	227	186	452	409	4	260	3	249	388	12	0	0	739	173	1	382	429	0	1	0	0	91	247	0	2	0	0	3	4	0	0	0	7	492	606	0	0	0	1	3	3	4	0	0	5	18	132	2	3	0
"Cluster_15"	0	0	7	287	498	1	38	181	0	1	0	4	1	34	10	68	244	14	217	469	23	33	271	2	39	208	8	47	483	81	157	534	1	1	12	5	57	269	2	27	48	4	0	4	3	31	184	1	0	0	27	30	157	4	11	67	0	0	1	0	8	68	0	35	50	0	0	2	3	95	485	25	46	195	11	98	295	0	18	34	12	141	262	25	184	534	8	18	195	6	90	288	4	172	358	3	13	99	1	0	0	2	328	315	0	0	0	0	4	0	150	215	0	0	0	0	69	131	0	0	0	2	24	26	0	0	0	0	12	56	0	0	0	0	1	4	0	0	0	4	23	132	0	0	0
"Cluster_81"	0	1	0	21	17	0	10	16	0	0	0	0	1	24	0	1	3	0	5	15	0	0	7	0	1	4	0	3	9	0	64	55	0	0	6	0	8	11	0	1	9	0	0	3	0	2	24	0	0	0	0	1	21	1	1	0	1	0	0	0	2	9	0	14	20	0	0	0	0	10	7	0	13	9	0	26	17	0	13	0	0	6	10	0	5	3	0	7	19	0	29	26	0	2	26	0	8	2	0	0	0	0	88	52	0	0	0	1	0	0	31	35	0	0	0	0	62	28	0	0	0	5	45	33	0	0	0	0	88	50	0	0	0	0	37	33	0	0	1	1	10	13	0	0	0
"Cluster_5"	42	27	132	2764	2891	5	642	1383	79	33	5	15	232	895	95	3259	2949	16	3571	3707	73	553	2527	18	468	1054	82	1988	2922	39	477	631	3	31	99	2	1384	3329	22	734	2432	90	12	50	5	118	784	41	6	16	93	704	1694	38	626	1142	263	5	22	1	93	222	3	894	958	236	364	640	55	1958	3132	34	592	592	130	1493	2186	9	804	216	40	2258	2634	1073	4731	5114	14	709	2505	297	1671	1842	375	2314	1822	95	2024	3792	36	2	64	7	56	28	44	65	257	117	434	59	1960	1492	23	91	119	1	9	20	12	0	3	22	37	16	0	0	1	4	124	168	23	0	3	2	10	9	184	65	70	12	16	14	26	3	1
"Cluster_173"	3	0	0	21	29	0	19	36	0	1	0	0	2	32	1	1	18	0	28	20	1	0	7	0	5	13	0	14	21	0	64	78	0	0	12	0	7	16	1	3	18	0	1	1	0	8	38	0	0	0	1	6	25	0	13	25	1	0	0	0	9	8	0	39	37	2	0	0	1	22	21	0	28	47	0	31	35	0	28	25	0	14	26	0	27	11	0	4	17	1	41	30	1	9	38	0	22	30	0	0	0	1	138	118	0	0	0	1	0	0	74	92	0	0	1	1	138	98	0	0	1	42	101	126	0	0	0	0	108	69	0	0	0	0	87	108	0	0	0	32	87	119	0	1	2
"Cluster_70"	0	0	0	4	4	0	16	20	0	0	0	0	0	7	0	1	6	0	9	13	0	0	3	0	0	0	0	1	12	0	19	23	0	1	7	0	1	13	0	1	12	0	0	0	0	0	8	0	0	0	0	1	1	0	10	19	0	0	0	0	0	0	0	23	24	0	0	0	0	4	15	0	17	24	0	3	1	0	13	9	0	6	9	0	7	5	0	0	4	0	8	13	0	7	31	0	4	20	0	0	0	0	93	113	0	0	0	0	0	0	56	83	0	0	0	1	126	110	0	0	0	9	70	115	0	0	0	0	6	11	0	0	0	0	54	69	0	0	0	14	80	117	0	0	0
"Cluster_204"	3	0	1	0	0	0	5	0	1	0	0	0	3	4	0	0	0	0	0	0	0	0	0	0	1	0	0	8	2	0	1	0	0	0	1	0	1	0	0	7	1	0	0	0	0	8	5	0	0	0	0	1	0	1	1	0	2	0	0	0	1	2	1	0	3	1	0	0	0	0	0	1	1	0	1	0	0	0	2	1	0	0	0	0	0	0	0	1	1	0	0	3	0	0	0	0	6	0	0	0	0	0	0	0	0	42	73	0	2	0	0	1	1	92	57	0	0	0	0	6	14	0	2	3	0	0	0	0	17	8	1	9	62	0	6	0	0	91	40	1	0	0	0	87	78
"Cluster_3"	517	32	27	494	553	9	571	862	599	210	4	28	159	471	7	130	223	1	316	434	19	66	284	14	188	403	8	421	628	30	3385	3602	10	42	224	3	289	579	11	249	408	8	10	65	8	582	1101	167	21	36	40	244	397	15	214	403	618	60	78	5	155	320	5	869	809	465	444	56	42	646	523	17	466	481	25	565	670	5	713	262	2	504	669	33	1093	920	16	198	591	16	796	774	8	674	796	34	955	1204	319	15	347	68	4670	4192	2	1280	2704	658	218	23	3635	3424	2	3020	6472	17	3930	5201	21	302	597	834	4876	4650	0	11	38	9	2893	4284	51	182	2065	6	2153	2458	9	2779	6443	839	2585	4901	2	4019	4965
"Cluster_74"	1	1	0	103	96	0	26	53	0	0	0	0	2	65	1	22	54	0	108	99	0	3	44	1	10	25	0	64	66	1	93	129	1	0	9	0	32	70	0	7	32	0	1	3	0	7	73	0	0	0	0	7	55	0	6	7	5	0	0	1	4	14	0	27	38	5	2	1	0	39	68	0	14	25	0	68	92	0	19	4	0	45	81	7	38	53	0	24	102	0	65	64	1	11	43	1	44	27	1	0	0	0	108	89	0	0	0	2	0	0	61	66	0	0	0	1	52	45	0	0	0	6	81	39	0	0	0	0	122	97	0	0	0	0	20	30	0	0	0	1	12	36	0	0	0
"Cluster_38"	0	0	1	70	56	0	111	114	0	1	0	0	5	85	2	16	82	0	112	60	4	5	72	0	22	19	0	46	54	0	39	36	0	16	114	1	86	69	1	1	79	4	1	12	0	3	28	0	0	0	0	12	66	0	62	61	0	0	0	0	7	28	0	111	76	0	0	1	1	57	74	0	193	144	0	35	28	0	76	48	0	76	82	0	17	3	0	17	32	5	91	91	14	24	103	1	39	16	0	0	0	1	68	67	0	0	0	0	1	0	28	52	0	0	0	1	90	45	0	0	0	52	48	35	0	0	0	0	14	14	0	0	0	0	84	84	0	0	0	16	37	34	0	0	0
"Cluster_182"	0	0	0	20	27	0	14	18	0	0	0	0	0	20	0	12	44	0	39	38	0	2	18	0	7	9	0	10	27	0	11	12	0	3	15	0	25	30	0	1	23	0	0	4	0	1	5	0	0	0	0	5	12	1	12	13	0	0	0	0	7	3	0	16	6	0	0	0	1	19	19	0	47	41	0	5	6	0	10	13	0	16	19	1	12	10	0	6	12	2	38	34	1	12	31	0	9	8	0	0	0	0	23	44	0	0	0	0	0	0	16	28	0	0	0	0	26	26	0	0	0	11	15	16	0	0	0	0	3	2	0	0	0	0	18	8	0	0	0	5	20	36	0	0	0
"Cluster_145"	1	0	0	7	11	0	19	48	0	0	0	0	0	14	0	3	32	0	17	16	1	1	10	0	1	7	0	5	10	0	12	4	0	4	28	0	25	19	0	3	35	0	0	0	0	1	5	0	0	0	0	2	21	0	7	8	0	0	0	0	0	9	0	25	33	0	1	0	0	12	13	0	22	31	0	9	12	0	27	16	0	19	22	1	9	5	0	5	8	0	20	19	2	6	25	0	8	9	0	0	0	0	17	20	0	0	0	0	0	0	12	19	0	0	0	0	28	23	0	0	0	11	34	24	0	0	0	0	2	4	0	0	0	0	17	28	0	0	0	5	10	19	0	0	0
"Cluster_6"	1	36	114	714	839	75	1400	1549	1	4	0	25	161	681	858	1709	2504	63	1475	1444	769	688	1173	25	473	426	1036	843	1288	119	697	446	133	975	1753	9	1373	1290	538	361	1422	340	22	49	135	175	376	0	4	2	78	421	445	350	4356	4633	7	4	75	10	274	339	177	1265	1125	3	8	81	730	1348	1580	291	3020	3327	34	362	287	115	1461	4026	22	1446	1079	321	684	563	14	330	429	1358	1470	1809	2725	1795	2319	712	748	1158	2	0	186	9	1245	1829	288	0	0	1	64	246	1122	1579	0	1	0	798	2117	1828	0	0	0	1603	1032	1811	0	0	0	19	157	232	0	0	0	67	1761	1860	0	7	0	3671	3589	2373	1	0	0
"Cluster_4"	1	29	76	473	507	63	1948	2412	1	6	1	29	157	447	521	1095	1645	60	972	919	415	446	866	31	362	309	555	463	777	61	564	288	102	1570	2893	11	901	797	328	374	1949	227	10	42	76	157	372	0	0	0	41	304	353	193	2623	2900	5	1	32	3	271	286	128	1965	1828	2	10	33	507	918	990	205	2015	2011	29	258	209	78	2078	3736	15	1115	769	183	443	313	9	239	260	786	846	1085	1841	1285	1462	393	1062	1201	2	0	216	10	863	1247	180	1	2	2	28	163	748	997	0	5	0	560	1562	1206	0	0	1	2200	1379	2151	0	0	0	17	118	182	0	0	0	90	2608	2999	0	3	0	2473	2459	1581	0	0	0
"Cluster_82"	1	1	0	25	23	0	29	42	0	0	0	0	4	22	3	5	30	0	37	31	1	2	15	0	17	13	1	13	17	0	11	7	0	7	43	0	32	22	0	1	27	0	0	2	0	1	14	1	0	0	0	12	20	0	17	20	1	0	1	0	5	13	0	35	24	1	0	1	0	16	20	1	72	57	0	11	12	0	33	23	0	24	33	2	5	4	0	6	15	4	30	39	12	7	38	1	9	16	0	0	1	0	22	27	0	0	0	0	0	0	8	25	0	0	0	0	20	8	0	0	0	25	14	16	0	0	0	0	7	7	0	0	0	0	33	41	0	0	0	9	13	10	0	0	0
"Cluster_16"	0	197	33	179	21	0	273	1	0	1	0	4	343	0	18	100	3	14	45	1	2	428	0	26	1066	4	15	583	41	29	129	1	1	475	0	3	71	18	2	348	1	1	115	3	5	154	2	1	11	142	82	712	60	3	120	31	1	1	3	22	555	4	127	140	0	1	137	13	3	130	1	47	254	0	3	39	1	1	153	1	2	49	1	3	94	1	2	146	5	2	72	10	56	370	1	4	103	1	0	199	1108	0	34	0	0	0	0	2	12	3	14	1	0	1	0	2	74	0	0	0	0	1	4	2	0	0	0	18	92	0	0	0	0	0	0	0	0	0	0	1	0	5	0	0	0
"Cluster_1"	249	63	434	4766	3907	29	2650	3027	169	170	58	48	2522	5933	123	1112	1807	36	3317	2476	286	1322	2740	147	7041	6960	39	2469	2382	402	3943	2977	8	544	2047	17	3685	3592	34	744	1763	133	3245	7155	83	1973	3228	188	19	40	384	4396	6685	19	613	810	465	18	86	25	4080	4529	24	2576	2419	376	160	231	70	3004	2390	69	3029	3011	568	6833	5696	27	2728	885	59	4538	4006	243	1153	853	147	4017	4637	354	4834	3879	271	2283	2206	140	2092	1419	106	16	272	16	2355	1786	110	1	2	329	163	18	1529	1707	0	7	1	86	1920	1182	1	0	4	1693	2043	1014	1	0	1	82	3995	3199	3	0	1	75	1867	1861	0	1	0	354	629	1100	2	2	0
"Cluster_115"	0	103	0	0	0	0	0	0	0	16	18	0	0	0	0	0	0	0	0	0	0	0	0	0	0	0	0	0	0	0	0	0	0	0	1	0	0	0	0	0	0	0	0	0	0	0	0	0	0	2	0	0	0	0	0	0	0	3	14	0	0	0	0	0	0	0	0	388	0	1	0	0	2	2	0	0	1	0	0	0	0	0	0	0	0	0	0	0	0	0	0	0	0	0	0	0	0	0	0	0	28	0	0	0	0	0	0	0	396	0	0	0	0	0	0	0	0	0	0	0	0	0	0	0	0	0	0	0	0	0	0	0	0	0	0	0	0	0	1	0	0	0	0	0	0
"Cluster_7"	19	2725	7	0	0	59	110	233	25	4958	7241	235	53	263	10	1	1	37	0	1	501	1349	461	52	81	79	13	24	3	76	8	5	25	122	280	36	43	17	7	15	18	89	193	1129	195	130	432	9	18	5967	45	12	14	0	3	14	14	186	7656	128	880	2024	1395	81	161	2	1771	6257	30	6	1	17	77	90	17	9	11	134	142	289	17	3	2	0	0	0	24	25	36	47	4	5	189	3	20	1843	669	138	4	3	5297	0	0	32	0	1	0	5	5331	0	0	7	0	0	1	23	7	20	0	0	0	0	0	0	70	0	0	3	2	101	1	0	3	145	218	327	0	0	0	0	0	4	0	0	0
"Cluster_106"	46	3	82	0	0	93	0	0	124	1	0	105	0	0	28	0	0	38	0	0	39	0	0	124	0	0	9	0	0	113	0	0	15	0	0	87	0	0	41	0	0	38	0	0	3	0	0	64	1	0	34	0	0	35	0	0	56	0	0	73	0	0	27	0	0	67	7	0	92	0	0	48	0	0	32	0	0	14	0	0	128	0	0	40	0	0	27	0	0	10	0	0	43	0	0	17	0	0	97	0	2	0	0	0	16	1	0	89	0	0	0	0	2	0	0	68	0	0	58	0	0	3	0	0	17	0	0	50	0	0	21	0	0	77	0	0	6	0	0	87	0	0	7	0	0
"Cluster_64"	60	38	23	0	0	41	0	0	185	0	1	17	0	0	73	0	0	37	0	0	135	0	0	18	0	0	87	0	0	46	0	0	200	0	1	29	0	0	37	0	0	92	0	0	8	0	0	208	2	0	69	0	0	52	0	0	60	0	6	32	1	0	45	0	0	46	15	0	115	0	0	223	0	0	65	0	0	12	0	0	115	0	0	292	1	0	33	0	0	34	0	0	12	0	0	67	0	0	174	7	0	0	0	0	0	0	0	129	0	14	0	0	0	0	0	1	0	0	1	0	0	0	0	0	4	0	0	63	0	0	0	0	0	98	0	0	0	0	0	127	0	0	0	0	0
"Cluster_112"	11	0	139	0	0	4	0	0	17	1	1	4	0	0	42	0	0	16	0	0	69	0	0	0	0	0	101	1	0	15	0	0	44	0	0	2	0	0	1	1	0	68	0	0	14	0	0	9	3	0	6	0	0	9	0	0	19	0	5	30	0	0	29	0	0	17	14	0	34	0	0	50	0	0	6	0	0	3	0	0	37	0	0	23	0	0	16	0	0	19	0	0	54	0	0	26	0	0	34	2	4	0	0	0	1	0	0	40	0	1	0	0	147	0	0	260	0	0	11	0	0	0	0	0	3	0	0	129	0	0	34	0	0	560	2	0	17	0	0	124	0	0	3	0	0
"Cluster_67"	22	1	29	0	0	54	0	0	8	0	0	17	0	0	114	0	0	16	0	0	20	1	0	63	0	0	80	0	0	72	1	0	26	0	0	86	0	0	74	0	0	27	0	0	17	0	0	25	0	0	55	0	0	17	0	0	23	0	0	29	0	0	43	0	0	16	0	0	52	0	0	55	0	0	24	0	0	48	0	0	8	0	0	62	0	0	18	0	0	13	0	0	21	0	0	16	0	0	13	1	0	0	0	0	63	0	0	33	0	23	0	0	18	0	0	182	0	0	257	0	0	1	0	0	34	0	0	253	0	0	206	0	0	59	0	0	29	0	0	57	0	0	60	0	0
"Cluster_109"	68	0	33	0	0	1	0	0	53	0	0	77	0	0	58	0	0	12	0	0	93	0	0	93	0	0	67	0	0	12	0	0	95	0	0	0	0	0	98	0	0	81	0	0	89	0	0	40	0	0	21	0	0	6	0	0	47	0	1	120	0	0	10	0	0	56	31	0	107	0	0	22	0	0	8	0	0	68	0	0	14	0	0	178	0	0	17	0	0	12	0	0	25	0	0	36	0	0	104	2	0	0	0	1	0	0	0	53	1	0	0	0	0	0	0	0	0	0	0	0	0	0	0	0	0	0	0	0	0	0	0	0	0	0	0	0	0	0	0	0	0	0	0	0	0
"Cluster_136"	50	0	53	0	0	223	0	0	39	0	0	62	0	0	48	1	0	19	0	0	37	0	0	16	0	0	53	0	0	20	0	0	54	0	0	88	0	0	280	0	0	71	0	0	24	0	0	60	0	0	67	0	0	108	0	1	43	0	1	51	0	0	43	0	0	71	4	1	55	0	0	143	0	0	129	0	0	56	0	0	71	0	0	71	0	0	70	0	0	103	0	0	7	0	0	48	0	0	51	1	0	0	0	0	0	0	0	83	0	0	0	0	0	0	0	0	0	0	0	0	0	0	0	0	0	0	0	0	0	0	0	0	0	0	0	0	0	0	0	0	0	0	0	0	0
"Cluster_97"	1	0	55	0	0	1	0	0	1	0	0	1	0	0	5	0	0	0	0	0	5	0	0	0	0	0	4	0	0	1	0	0	3	0	0	13	0	0	0	0	0	2	0	0	0	0	0	15	0	0	1	0	0	3	0	0	5	0	0	3	0	0	12	0	0	8	0	1	2	0	0	9	0	0	1	0	0	14	0	0	1	0	0	0	0	0	6	0	0	2	0	0	1	0	0	0	0	0	7	0	0	0	0	0	887	0	0	0	0	26	0	0	15	0	0	6	0	0	3	0	0	3	0	0	262	0	0	60	0	0	2	0	0	7	0	0	4	0	0	0	0	0	18	0	0
"Cluster_34"	28	0	3	0	0	16	0	0	67	0	0	90	0	0	9	0	0	1052	0	0	4	0	1	1	0	0	4	0	0	20	0	0	6	0	0	208	0	0	3	0	0	8	0	0	5	0	0	49	2	0	2	0	0	7	0	0	39	0	0	5	0	0	13	0	0	39	16	12	10	0	1	26	0	0	2	0	0	7	0	0	170	0	0	14	0	0	33	0	0	10	0	0	12	0	0	33	0	0	52	0	0	3857	23	0	216	0	0	59	89	0	0	0	1	0	0	5	0	0	0	0	0	40	0	0	0	0	0	45	0	0	16	0	0	3	0	0	0	0	0	0	0	0	3	0	0
"Cluster_108"	9	0	639	0	0	5	0	0	21	0	0	59	0	0	5	0	0	56	0	0	3	0	0	137	0	0	9	0	0	84	0	0	11	0	0	193	0	1	14	0	0	10	0	0	8	0	0	2	0	0	3	0	0	4	0	1	1	0	3	31	0	0	8	0	0	4	0	0	91	0	0	17	0	0	2	0	0	9	0	0	271	0	0	15	0	0	68	0	0	10	0	0	304	0	0	32	0	0	21	0	0	0	0	0	31	0	0	2	2	0	0	0	0	0	0	0	0	0	0	0	0	0	0	0	0	0	0	5	0	0	0	0	0	0	0	0	0	0	0	0	0	0	0	0	0
"Cluster_48"	3	0	2	0	0	0	0	0	0	0	0	12	0	0	2	13	0	11	2	0	38	556	0	3	1	0	0	0	2	5	0	0	1	67	2	0	0	0	27	1131	0	0	1	0	12	0	0	0	0	0	0	0	0	15	0	1	0	0	3	0	0	0	1	0	0	0	0	0	17	0	0	66	0	0	4	2	0	17	0	0	0	0	0	0	0	0	2	1	0	0	0	0	2	0	0	53	7	0	0	0	1	0	0	0	0	0	0	0	0	0	0	0	0	0	0	15	0	0	0	0	0	0	0	0	0	0	0	0	60	0	0	0	0	34	23	0	0	0	0	0	0	0	0	0	0
"Cluster_49"	1	797	0	0	0	1	0	1	1	204	96	0	0	0	0	0	0	1	0	0	0	0	0	0	0	0	0	0	0	0	0	0	0	0	0	0	0	0	0	0	0	0	0	0	0	0	0	0	0	161	0	0	0	0	0	0	1	10	480	0	0	0	0	0	0	0	15	164	0	0	0	0	0	0	0	0	0	0	0	0	0	0	0	0	0	0	0	0	0	0	0	0	0	0	0	0	0	0	0	1	47	0	0	0	0	0	0	0	974	0	0	0	0	0	0	0	0	0	0	0	0	0	0	0	0	0	0	0	0	0	0	0	0	0	0	0	0	0	0	0	0	0	0	0	0
"Cluster_24"	4	1554	0	0	0	0	0	1	3	2528	95	0	0	0	0	0	0	0	0	0	0	0	0	0	0	0	0	0	0	1	0	2	0	0	0	2	1	0	0	0	0	0	1	0	0	0	1	0	20	2630	0	0	0	0	0	0	1	0	1	0	0	0	0	0	0	0	0	1	0	0	0	0	0	0	0	0	0	0	0	0	0	0	0	0	0	0	0	0	0	0	0	0	0	0	0	1	0	0	0	0	11	0	0	0	0	0	0	0	0	0	0	0	0	0	0	0	0	0	0	0	0	0	0	0	0	0	0	0	0	0	0	0	0	0	0	0	0	0	1	0	0	0	0	0	0
"Cluster_8"	3	0	0	83	0	10	29	4	2	186	2	0	271	0	1	397	1	0	173	2	1	282	0	17	581	0	0	60	0	1	265	0	0	70	0	1	77	1	1	227	2	3	1469	0	0	292	0	7	10767	0	1	203	1	2	331	1	3	9642	4	2	643	3	3	507	0	4	4716	5	3	21	4	0	3	1	6	173	2	2	437	0	2	21	2	2	281	0	0	122	0	0	121	0	0	600	1	0	28	0	4	10558	4	0	72	0	0	0	0	6	2	1	73	3	0	0	0	2	160	0	0	0	0	0	1	1	0	0	0	0	56	0	0	1	0	4	200	0	0	0	0	6	278	0	0	0	0
"Cluster_32"	0	0	0	0	0	0	162	0	0	6	0	0	0	0	0	5	0	0	0	0	0	12	0	0	0	0	0	13	0	1	25	0	1	22	2	0	0	0	0	6	1	0	1	0	0	172	0	0	1	0	0	28	0	0	326	0	0	38	0	0	0	0	0	16	0	0	585	0	0	386	1	0	10	0	0	0	0	0	16	0	0	49	0	1	194	0	2	22	1	0	99	0	0	355	0	0	6	0	0	0	3	1	68	0	0	0	0	0	0	0	908	0	0	0	0	0	27	0	0	0	0	1	11	0	0	0	0	0	1	0	0	0	0	0	56	0	0	0	0	0	39	0	0	0	0
"Cluster_43"	0	0	0	13	1	1	34	0	0	0	0	0	0	0	0	0	0	0	0	0	0	1	0	0	0	0	0	17	0	0	1	0	0	0	0	0	94	9	0	0	0	1	0	0	0	3	0	0	0	0	0	45	0	0	0	0	0	0	0	0	0	0	0	0	0	0	0	0	0	1862	0	0	0	0	0	0	1	0	0	0	0	0	0	0	0	0	0	4	0	0	92	8	0	403	0	0	1	0	0	0	3	0	1	0	0	0	0	0	0	0	2	0	0	0	0	0	0	0	0	0	0	0	1	0	0	0	0	0	0	0	0	0	0	0	7	0	0	0	0	0	1	0	0	0	0
"Cluster_61"	0	0	0	0	0	0	0	0	0	0	0	0	0	0	0	0	0	0	0	0	0	0	0	0	0	0	0	0	0	0	0	0	0	0	0	0	0	0	0	0	0	0	0	0	0	0	0	0	0	0	0	0	0	0	0	0	0	0	0	0	0	0	0	0	0	0	0	0	0	0	0	0	0	0	0	0	0	0	0	0	0	0	0	0	0	0	0	0	0	0	0	0	0	0	0	0	0	0	0	0	0	2802	9	0	3	0	0	0	0	93	1	0	0	0	0	0	0	0	0	0	0	0	0	0	0	0	0	0	0	0	0	0	0	0	0	0	0	0	0	0	0	0	0	0	0
"Cluster_142"	15	3	0	0	0	13	0	1	228	16	0	43	0	0	0	0	0	5	0	1	9	1	0	36	0	0	0	0	0	10	0	0	3	0	0	19	27	17	1	0	0	1106	0	0	27	0	1	20	2	194	0	0	0	0	0	0	0	5	0	0	0	0	4	0	0	3	10	2	0	0	0	7	0	0	6	0	0	3	0	0	0	0	0	0	0	1	36	0	0	2	0	0	2	0	0	10	0	0	21	16	17	0	0	0	0	0	0	2	2	4	0	0	0	0	0	155	0	8	0	0	0	0	0	0	0	0	0	45	0	5	0	0	0	0	0	0	0	0	0	1	0	1	0	0	0
"Cluster_60"	0	0	0	0	0	14	0	0	0	0	0	11	0	0	0	0	0	1	0	0	0	0	0	10	0	0	3	0	0	4	0	0	2	0	0	34	0	0	9	0	0	8	0	0	39	0	0	0	0	0	11	0	0	5	0	0	0	0	0	3	0	0	14	0	0	0	0	0	7	0	0	0	0	0	8	0	0	6	0	0	0	0	0	23	0	0	57	0	0	2	0	0	0	0	0	0	0	0	0	0	0	0	0	0	223	0	0	0	0	21	0	0	93	0	0	14	0	0	64	0	0	4	0	0	243	0	0	3	0	1	32	0	0	17	0	0	497	0	1	0	0	0	401	0	0
"Cluster_40"	0	0	0	41	68	0	3	46	0	0	0	0	2	43	0	0	10	0	2	27	1	2	111	0	1	74	0	10	187	0	1	23	0	9	170	0	0	38	0	1	126	0	0	34	0	0	69	0	0	0	0	1	82	0	0	32	0	0	0	0	3	34	0	1	55	0	0	0	1	27	48	0	8	49	0	0	70	0	0	36	0	6	43	0	1	31	0	0	221	0	4	22	0	0	59	0	6	41	0	0	0	0	11	60	0	10	58	0	0	0	4	113	0	1	83	0	3	114	0	17	115	0	22	30	0	12	134	0	2	26	0	3	157	0	2	28	0	2	37	0	1	37	0	4	49
"Cluster_126"	37	1	147	0	0	20	0	0	34	0	0	22	0	0	14	0	0	38	0	0	5	0	0	3	0	0	2	0	0	62	1	0	1	0	0	56	0	0	4	0	0	6	0	0	2	0	0	3	0	0	7	0	0	8	0	0	30	0	1	1	0	0	2	0	0	28	0	0	60	0	0	18	0	0	36	0	0	4	0	0	130	0	0	16	0	0	44	0	0	1	0	0	21	0	0	18	0	0	44	0	0	29	1	0	154	0	0	31	0	42	0	0	91	0	0	50	0	0	162	0	0	53	0	0	164	0	0	118	0	0	225	0	1	93	0	0	134	0	0	3	0	0	78	1	0
"Cluster_95"	33	1	11	0	0	110	0	0	0	0	0	7	0	0	0	0	0	16	0	0	0	0	0	122	0	0	3	0	0	87	0	0	3	0	0	586	0	0	27	0	0	6	0	0	0	0	0	0	0	0	0	0	0	7	0	0	28	0	0	0	0	0	0	0	0	0	0	0	1	0	0	2	0	0	621	0	0	2	0	0	4	0	0	0	0	0	9	0	0	0	0	0	2	0	0	11	0	0	0	0	0	0	0	0	0	0	0	0	0	0	0	0	0	0	0	0	0	0	0	0	0	0	0	0	0	0	0	0	0	0	0	0	0	0	0	0	0	0	0	0	0	0	0	0	0
"Cluster_10"	45	1	19	0	1	385	1	0	179	5	0	693	0	0	240	0	0	657	1	0	297	3	0	419	0	1	159	0	0	369	0	0	208	0	0	392	0	1	79	0	0	265	0	0	221	0	0	854	2	0	558	0	0	684	0	0	293	5	20	418	0	1	229	1	0	141	79	0	392	0	0	839	0	1	51	0	0	284	0	0	826	1	0	174	0	2	380	0	0	171	0	0	192	0	0	243	0	1	271	8	3	165	0	0	2467	0	1	190	0	2553	1	0	612	0	0	406	1	9	1342	2	1	14	0	0	1278	0	1	895	0	0	456	0	0	111	0	3	606	0	0	66	0	0	526	0	0
"Cluster_68"	33	0	0	0	0	0	0	0	1	0	0	0	0	0	0	0	0	0	0	0	0	0	0	278	0	0	9	0	0	0	1	0	0	0	0	672	0	0	180	0	0	2	1	0	0	0	0	1	0	0	0	0	0	0	0	0	2	0	2	0	0	0	0	0	0	0	0	0	0	0	0	0	0	0	98	0	0	0	0	0	214	0	0	0	0	0	1	0	0	0	0	0	0	0	0	0	0	0	1	0	0	0	0	0	0	0	0	0	0	2	0	0	0	0	0	2	0	0	2	0	0	17	0	0	0	0	0	2	0	0	236	0	0	277	0	0	1	0	0	164	0	0	0	0	0
"Cluster_13"	12	9	2	1	0	2	20	18	3	1435	16	220	1	7	8	0	8	919	0	0	10	113	82	50	0	3	11	6	7	387	0	0	2	3	7	108	1	1	0	3	0	1	1	15	12	5	41	3	7	898	0	0	0	5	0	2	0	154	706	6	16	15	21	2	2	0	65	103	1	6	0	5	2	4	0	1	0	25	3	57	484	0	0	3	0	1	49	41	7	4	2	4	25	0	1	94	21	8	1	12	569	644	5	4	58	4	266	0	74	290	1	0	5	3	54	27	0	5	42	11	520	604	0	1	368	27	876	5	0	1	120	42	807	0	3	24	62	18	331	12	970	1	23	1	34
"Cluster_65"	0	1658	0	0	0	0	0	9	0	1	1286	0	0	1	0	0	0	0	0	1	0	0	0	0	0	0	0	0	12	0	0	0	0	0	6	0	0	1	0	0	16	0	0	0	0	0	19	0	0	87	0	0	0	0	0	0	0	1	0	0	0	0	0	0	3	0	0	339	0	0	0	0	0	11	0	0	0	0	0	0	0	0	0	0	0	0	0	0	1	0	0	0	0	0	0	0	0	4	0	0	73	0	0	0	0	0	0	0	309	0	0	0	0	0	0	0	0	1	0	0	0	0	0	0	0	0	0	0	0	0	0	0	0	0	0	0	0	0	1	0	0	0	0	0	2
"Cluster_148"	0	155	0	0	0	0	0	0	0	12	13	0	0	0	0	0	0	0	0	0	0	0	0	0	0	0	0	0	0	0	0	0	0	0	0	0	0	0	0	0	0	0	0	0	0	0	0	0	0	0	0	0	0	0	0	0	0	2	2	0	0	0	0	0	0	0	0	12	0	0	0	0	0	0	0	0	0	0	0	0	0	0	0	0	0	0	0	0	0	0	0	0	0	0	0	0	0	0	0	0	15	724	3	0	1	0	0	0	216	585	0	0	0	0	0	1	0	2	0	0	0	0	0	0	3	0	0	0	0	0	0	0	0	0	0	0	0	0	0	0	0	0	0	0	0
"Cluster_317"	41	6	100	0	0	18	0	0	76	2	0	54	0	0	8	0	0	44	0	0	37	0	0	44	0	0	23	0	0	62	0	0	30	0	0	30	0	0	30	0	0	41	0	0	6	0	0	24	2	1	3	0	0	22	0	0	56	1	11	55	0	0	50	0	0	60	25	0	31	0	0	41	0	0	24	0	0	13	0	0	72	0	0	10	0	0	17	0	0	14	0	0	47	0	0	25	0	0	47	1	0	0	0	0	9	0	0	62	0	45	0	0	0	0	0	0	0	0	5	0	0	0	0	0	4	0	0	6	0	0	1	0	0	12	0	0	0	0	0	0	0	0	0	0	0
"Cluster_18"	1	1520	0	8	2	1	4	1	2	393	864	0	8	19	0	0	3	0	3	7	1	33	6	1	19	14	1	2	13	0	1	2	1	41	64	0	5	9	1	63	26	0	10	7	0	0	22	1	6	381	0	1	5	0	19	18	0	336	633	1	16	41	0	2	5	0	42	1313	0	2	2	1	58	43	0	6	14	1	0	9	1	1	2	1	0	2	0	0	14	0	4	0	0	0	8	0	4	0	0	1	955	0	2	10	0	1	4	0	1415	0	0	6	0	0	0	0	15	8	0	0	37	0	0	3	0	2	14	0	1	5	0	4	22	0	4	8	1	0	5	0	0	3	1	8	11
"Cluster_119"	0	246	0	6	0	0	9	11	0	20	48	0	1	5	0	0	0	0	1	18	0	3	1	0	13	6	0	1	7	0	0	2	0	10	13	0	1	5	0	11	10	0	0	7	0	0	47	0	1	18	0	0	1	0	3	2	0	15	35	0	12	23	1	0	2	0	0	157	0	0	2	0	24	29	0	0	12	0	0	1	0	0	2	0	0	3	0	1	6	0	2	0	0	0	2	0	2	2	0	0	210	0	0	4	0	0	4	0	39	0	0	0	0	0	2	0	2	3	0	0	35	0	0	1	0	1	27	0	1	5	0	4	11	0	0	2	1	0	5	0	0	1	0	6	9
